-- MySQL dump 10.18  Distrib 10.3.27-MariaDB, for debian-linux-gnu (x86_64)
--
-- Host: localhost    Database: plant
-- ------------------------------------------------------
-- Server version	10.3.27-MariaDB-0+deb10u1

/*!40101 SET @OLD_CHARACTER_SET_CLIENT=@@CHARACTER_SET_CLIENT */;
/*!40101 SET @OLD_CHARACTER_SET_RESULTS=@@CHARACTER_SET_RESULTS */;
/*!40101 SET @OLD_COLLATION_CONNECTION=@@COLLATION_CONNECTION */;
/*!40101 SET NAMES utf8mb4 */;
/*!40103 SET @OLD_TIME_ZONE=@@TIME_ZONE */;
/*!40103 SET TIME_ZONE='+00:00' */;
/*!40014 SET @OLD_UNIQUE_CHECKS=@@UNIQUE_CHECKS, UNIQUE_CHECKS=0 */;
/*!40014 SET @OLD_FOREIGN_KEY_CHECKS=@@FOREIGN_KEY_CHECKS, FOREIGN_KEY_CHECKS=0 */;
/*!40101 SET @OLD_SQL_MODE=@@SQL_MODE, SQL_MODE='NO_AUTO_VALUE_ON_ZERO' */;
/*!40111 SET @OLD_SQL_NOTES=@@SQL_NOTES, SQL_NOTES=0 */;

--
-- Table structure for table `accountings`
--

DROP TABLE IF EXISTS `accountings`;
/*!40101 SET @saved_cs_client     = @@character_set_client */;
/*!40101 SET character_set_client = utf8 */;
CREATE TABLE `accountings` (
  `id` bigint(20) unsigned NOT NULL AUTO_INCREMENT,
  `user_id` bigint(20) unsigned NOT NULL,
  `name` text COLLATE utf8mb4_unicode_ci NOT NULL,
  `description` text COLLATE utf8mb4_unicode_ci NOT NULL,
  `in_use` enum('S','N') COLLATE utf8mb4_unicode_ci NOT NULL DEFAULT 'S',
  `image` varchar(100) COLLATE utf8mb4_unicode_ci DEFAULT NULL,
  `created_at` timestamp NULL DEFAULT NULL,
  `updated_at` timestamp NULL DEFAULT NULL,
  `deleted_at` timestamp NULL DEFAULT NULL,
  PRIMARY KEY (`id`),
  KEY `accountings_user_id_foreign` (`user_id`),
  CONSTRAINT `accountings_user_id_foreign` FOREIGN KEY (`user_id`) REFERENCES `users` (`id`) ON DELETE CASCADE
) ENGINE=InnoDB AUTO_INCREMENT=12 DEFAULT CHARSET=utf8mb4 COLLATE=utf8mb4_unicode_ci;
/*!40101 SET character_set_client = @saved_cs_client */;

--
-- Dumping data for table `accountings`
--

LOCK TABLES `accountings` WRITE;
/*!40000 ALTER TABLE `accountings` DISABLE KEYS */;
INSERT INTO `accountings` VALUES (1,1,'Mão de Obra','Mão de obra própria','S','accounting_avatar.png','2021-04-01 10:40:39','2021-04-01 10:40:39',NULL),(2,1,'Insumos','Insumos usado no plantio ou na condução do plantio','S','accounting_avatar.png','2021-04-01 10:40:39','2021-04-01 10:40:39',NULL),(3,1,'Receita de vendas','Receita com venda da produção','S','accounting_avatar.png','2021-04-01 10:40:39','2021-04-08 05:09:22',NULL),(4,1,'Administração','Despesas de administração','S','accounting_avatar.png','2021-04-01 10:40:39','2021-04-01 10:40:39',NULL),(5,1,'Obras','Qualquer tipo de despesa de construção','S','accounting_avatar.png','2021-04-01 10:40:39','2021-04-01 10:40:39',NULL),(6,1,'Despesas de comercialização','Despesas de comercialização como frete e embalagens','S','accounting_avatar.png','2021-04-01 10:40:39','2021-04-08 05:11:07',NULL),(7,1,'Serviços de terceiros','Serviços contratados de terceiros','S','accounting_avatar.png','2021-04-01 11:28:00','2021-04-01 11:28:00',NULL),(8,1,'Outras Despesas','Despesas outras que não se enquadram nas demais','S','accounting_avatar.png','2021-04-08 05:12:52','2021-04-08 05:14:31',NULL),(9,1,'Outras Receitas','Receitas outras que não se enquadram nas demais','S','accounting_avatar.png','2021-04-08 05:13:33','2021-04-08 05:14:18',NULL),(10,1,'Frete','Frete de transporte de produtos vendidos','S','accounting_avatar.png','2021-04-26 15:44:33','2021-04-26 15:44:33',NULL),(11,1,'Embalagens p/ Pimentão','Embalagens para Pimentões de Papelão','S','accounting_avatar.png','2021-04-26 15:45:37','2021-04-26 15:45:37',NULL);
/*!40000 ALTER TABLE `accountings` ENABLE KEYS */;
UNLOCK TABLES;

--
-- Table structure for table `accounts`
--

DROP TABLE IF EXISTS `accounts`;
/*!40101 SET @saved_cs_client     = @@character_set_client */;
/*!40101 SET character_set_client = utf8 */;
CREATE TABLE `accounts` (
  `id` bigint(20) unsigned NOT NULL AUTO_INCREMENT,
  `user_id` bigint(20) unsigned NOT NULL,
  `date` date NOT NULL,
  `description` text COLLATE utf8mb4_unicode_ci NOT NULL,
  `type_account_id` bigint(20) unsigned DEFAULT NULL,
  `accounting_id` bigint(20) unsigned DEFAULT NULL,
  `ground_id` bigint(20) unsigned DEFAULT NULL,
  `amount` double(10,2) NOT NULL,
  `origin` enum('A','C','P','V') COLLATE utf8mb4_unicode_ci NOT NULL,
  `note` longtext COLLATE utf8mb4_unicode_ci NOT NULL,
  `created_at` timestamp NULL DEFAULT NULL,
  `updated_at` timestamp NULL DEFAULT NULL,
  `deleted_at` timestamp NULL DEFAULT NULL,
  PRIMARY KEY (`id`),
  KEY `accounts_user_id_foreign` (`user_id`),
  CONSTRAINT `accounts_user_id_foreign` FOREIGN KEY (`user_id`) REFERENCES `users` (`id`) ON DELETE CASCADE
) ENGINE=InnoDB AUTO_INCREMENT=667 DEFAULT CHARSET=utf8mb4 COLLATE=utf8mb4_unicode_ci;
/*!40101 SET character_set_client = @saved_cs_client */;

--
-- Dumping data for table `accounts`
--

LOCK TABLES `accounts` WRITE;
/*!40000 ALTER TABLE `accounts` DISABLE KEYS */;
INSERT INTO `accounts` VALUES (1,5,'2020-12-29','Pimentão Misto - Dedé',3,3,2,440.00,'V','...','2021-04-01 10:44:41','2021-04-01 10:44:41',NULL),(2,5,'2020-12-29','Pimentão Vermelho - Dedé',3,3,2,90.00,'V','...','2021-04-01 10:45:20','2021-04-01 10:45:20',NULL),(3,5,'2021-01-05','Pimentão Misto - Dedé',3,3,2,680.00,'V','...','2021-04-01 10:46:12','2021-04-01 10:46:12',NULL),(4,5,'2021-01-07','Pimentão Misto - Dedé',3,3,2,500.00,'V','...','2021-04-01 10:46:37','2021-04-01 10:46:37',NULL),(5,5,'2021-01-12','Pimentão Misto - Dedé',3,3,2,300.00,'V','...','2021-04-01 10:47:07','2021-04-01 10:47:07',NULL),(6,5,'2021-01-21','Pimentão Misto - Dedé',3,3,2,900.00,'V','...','2021-04-01 10:47:52','2021-04-01 10:47:52',NULL),(7,5,'2021-01-21','Pimentão Misto - Rafael',3,3,2,210.00,'V','...','2021-04-01 10:49:06','2021-04-01 10:49:06',NULL),(8,5,'2021-01-24','Pimentão Misto - Dedé',3,3,2,1000.00,'V','...','2021-04-01 10:50:04','2021-04-01 10:50:04',NULL),(9,5,'2021-01-25','Pimentão Misto - Dedé',3,3,2,160.00,'V','...','2021-04-01 10:51:05','2021-04-01 10:51:05',NULL),(10,5,'2021-01-31','Pimentão Misto - Dedé',3,3,2,1325.00,'V','...','2021-04-01 10:51:54','2021-04-01 10:51:54',NULL),(11,5,'2021-02-01','Pimentão Misto - Dedé',3,3,2,140.00,'V','...','2021-04-01 10:52:35','2021-04-01 10:52:35',NULL),(12,5,'2021-02-01','Pimentão Vermelho - Rafael',3,3,2,70.00,'V','...','2021-04-01 10:53:24','2021-04-01 10:53:24',NULL),(13,5,'2021-02-01','Pimentão Amarelo - Rafael',3,3,2,70.00,'V','...','2021-04-01 10:53:36','2021-04-01 10:53:36',NULL),(14,5,'2021-02-02','Pimentão Misto - Dedé',3,3,2,325.00,'V','...','2021-04-01 10:54:23','2021-04-01 10:54:23',NULL),(15,5,'2021-02-02','Pimentão Verde - Dedé',3,3,2,30.00,'V','...','2021-04-01 10:58:10','2021-04-01 10:58:10',NULL),(16,5,'2021-03-31','Pimentão Amarelo - Benassi - André',3,3,2,946.40,'V','...','2021-04-01 10:59:36','2021-04-16 09:09:51',NULL),(17,5,'2021-03-31','Pimentão Vermelho - Benassi - André',3,3,2,1183.00,'V','...','2021-04-01 11:00:09','2021-04-16 09:10:35',NULL),(18,5,'2021-02-09','Pimentão Misto - Rafael',3,3,2,70.00,'V','...','2021-04-01 11:00:44','2021-04-01 11:00:44',NULL),(19,5,'2021-02-11','Pimentão Misto - Rafael',3,3,2,90.00,'V','...','2021-04-01 11:01:04','2021-04-01 11:01:04',NULL),(20,5,'2021-02-11','Pimentão Misto - Dedé',3,3,2,490.00,'V','...','2021-04-01 11:01:30','2021-04-01 11:02:29',NULL),(21,5,'2021-04-09','Pimentão Amarelo - Benassi - André',3,3,2,382.20,'V','...','2021-04-01 11:08:41','2021-04-28 22:18:34',NULL),(22,5,'2021-04-09','Pimentão Vermelho - Benassi - André',3,3,2,382.20,'V','...','2021-04-01 11:09:12','2021-04-28 22:19:09',NULL),(23,5,'2021-02-16','Pimentão Misto - Dedé',3,3,2,150.00,'V','No caderno do Paulo não tem valor','2021-04-01 11:10:41','2021-04-26 09:00:47',NULL),(24,5,'2021-02-19','Pimentão Misto - Dedé',3,3,2,450.00,'V','No caderno do Paulo não tem valor','2021-04-01 11:11:06','2021-04-26 09:01:11',NULL),(25,5,'2021-02-25','Pimentão Amarelo - Benassi - André',3,3,2,327.60,'V','...','2021-04-01 11:11:57','2021-04-19 14:31:26',NULL),(26,5,'2021-02-25','Pimentão Vermelho - Benassi - André',3,3,2,327.60,'V','...','2021-04-01 11:12:33','2021-04-19 14:31:42',NULL),(27,5,'2021-02-25','Pimentão Misto - Rafael',3,3,2,120.00,'V','...','2021-04-01 11:15:17','2021-04-01 11:15:17',NULL),(28,5,'2021-02-25','Pimentão Misto - Dedé',3,3,2,35.00,'V','No caderno do Paulo não tem valor','2021-04-01 11:15:43','2021-04-26 09:05:04',NULL),(29,5,'2020-12-18','Combustível - Etanol',1,4,6,50.00,'C','Observação','2021-04-01 11:19:53','2021-04-01 11:19:53',NULL),(30,5,'2020-12-18','Conserto geladeira',1,4,6,380.00,'C','Observação','2021-04-01 11:20:40','2021-04-19 20:01:24',NULL),(31,5,'2020-12-21','Combustível - Etanol e Oleo',1,4,6,72.00,'C','Observação','2021-04-01 11:21:41','2021-04-01 11:21:41',NULL),(32,5,'2020-12-29','Roldanas das Porta',1,4,6,100.00,'C','Observação','2021-04-01 11:22:19','2021-04-19 20:01:50',NULL),(33,5,'2020-12-29','Gás de Cozinha',1,4,6,80.00,'C','Observação','2021-04-01 11:22:44','2021-04-19 20:02:37',NULL),(34,5,'2021-01-06','Aração para feijão - Dedé',1,7,5,770.00,'C','Observação','2021-04-01 11:25:11','2021-04-01 11:29:25',NULL),(35,5,'2021-01-07','Combustível - Gasolina Camionete',1,4,6,150.00,'C','Observação','2021-04-01 11:31:44','2021-04-01 11:31:44',NULL),(36,5,'2021-01-15','Matheus',1,1,6,360.00,'C','Observação','2021-04-01 11:32:33','2021-04-01 11:32:33',NULL),(37,5,'2021-01-15','Henrique - Cesar',1,1,6,200.00,'C','Observação','2021-04-01 11:33:06','2021-04-01 11:33:06',NULL),(38,5,'2021-01-15','Combustível - Gasolina  Diesel',1,4,6,232.00,'C','Observação','2021-04-01 11:36:51','2021-04-01 11:36:51',NULL),(39,5,'2021-01-20','Exame Shirley',1,1,6,220.00,'C','Observação','2021-04-01 11:37:35','2021-04-19 20:03:03',NULL),(40,5,'2021-01-20','Combustível -  Gasolina Camionete',1,4,6,100.00,'C','Observação','2021-04-01 11:38:58','2021-04-01 11:38:58',NULL),(41,5,'2021-01-22','Areia',2,5,6,1400.00,'C','Observação','2021-04-01 11:39:57','2021-04-01 15:32:33',NULL),(42,5,'2021-01-22','Lilico',2,5,6,1000.00,'C','Observação','2021-04-01 11:40:36','2021-04-01 15:32:41',NULL),(43,5,'2021-01-25','Oleo 2 tempos',1,4,6,40.00,'C','Observação','2021-04-01 11:41:33','2021-04-01 11:41:33',NULL),(44,5,'2021-01-25','Manutenção Carrinho de mão',1,4,6,20.00,'C','Observação','2021-04-01 11:42:19','2021-04-01 11:42:19',NULL),(45,5,'2021-01-29','Mata Mato',1,2,6,320.00,'C','Observação','2021-04-01 11:43:09','2021-04-01 11:43:09',NULL),(46,5,'2021-01-29','Mata Mato',1,2,6,160.00,'C','Observação','2021-04-01 11:43:22','2021-04-01 11:43:22',NULL),(47,5,'2021-01-29','Duvida do que o paulo escreveu',1,4,6,258.00,'C','Observação','2021-04-01 11:44:52','2021-04-19 20:03:32',NULL),(48,5,'2021-01-29','Matheus',1,1,6,360.00,'C','Observação','2021-04-01 11:45:42','2021-04-01 11:45:42',NULL),(49,5,'2021-01-30','Matheus',1,1,6,60.00,'C','Observação','2021-04-01 11:45:59','2021-04-01 11:45:59',NULL),(50,5,'2021-02-02','Troca de óleo Pulverizador',1,4,6,36.00,'C','Observação','2021-04-01 12:02:46','2021-04-01 12:02:46',NULL),(51,5,'2021-02-02','Compra de correia',1,4,6,30.00,'C','Observação','2021-04-01 12:03:16','2021-04-01 12:03:16',NULL),(52,5,'2021-02-02','caixa de Luz',2,5,6,35.90,'C','Observação','2021-04-01 12:03:40','2021-04-01 15:29:21',NULL),(53,5,'2021-02-02','Quadro geral',2,5,6,76.60,'C','Observação','2021-04-01 12:04:14','2021-04-01 15:31:17',NULL),(54,5,'2021-02-02','Naylon Roçadeira',1,4,6,20.00,'C','Observação','2021-04-01 12:05:29','2021-04-01 12:05:29',NULL),(55,5,'2021-02-02','Pneu Tobata',1,4,6,30.00,'C','Observação','2021-04-01 12:06:02','2021-04-01 12:06:02',NULL),(56,5,'2021-02-03','Areia fina',2,5,6,700.00,'C','Observação','2021-04-01 12:06:34','2021-04-01 15:31:28',NULL),(57,5,'2021-02-04','Lilico telhado',2,5,6,1500.00,'C','Observação','2021-04-01 12:07:11','2021-04-01 15:31:47',NULL),(58,5,'2021-02-04','Polia Motor',1,4,6,130.00,'C','Observação','2021-04-01 12:07:36','2021-04-01 12:07:36',NULL),(59,5,'2021-02-05','Descrição',1,3,2,60.00,'C','Observação','2021-04-01 12:10:28','2021-04-01 14:11:42',NULL),(60,5,'2021-02-05','Fita Adesiva',1,2,2,36.00,'C','Observação','2021-04-01 12:12:47','2021-04-01 12:12:47',NULL),(61,5,'2021-02-05','Matheus',1,1,6,360.00,'C','Observação','2021-04-01 12:13:34','2021-04-01 12:13:34',NULL),(62,5,'2021-02-05','Mudas de alface',1,8,6,50.00,'C','Observação','2021-04-01 12:14:23','2021-04-19 20:04:11',NULL),(63,5,'2021-02-05','Combustível - Gasolina',1,4,6,150.00,'C','Observação','2021-04-01 12:15:19','2021-04-01 12:15:19',NULL),(64,5,'2021-02-05','EPI - Mascara',1,4,6,12.00,'C','Observação','2021-04-01 12:15:48','2021-04-01 12:15:48',NULL),(65,5,'2021-02-08','Carvão para Maquinas',1,4,6,40.00,'C','Observação','2021-04-01 12:17:24','2021-04-01 12:17:24',NULL),(66,5,'2021-02-08','Combustível - Etanol',1,4,6,100.00,'C','Observação','2021-04-01 12:18:10','2021-04-01 12:18:10',NULL),(67,5,'2021-02-08','Caixas de pimentão  novas',1,3,2,1211.00,'C','Observação','2021-04-01 12:19:15','2021-04-01 12:19:15',NULL),(68,5,'2020-10-14','Gradear Henrique Feijão',1,7,5,70.00,'C','Observação','2021-04-01 15:10:10','2021-04-01 15:11:53',NULL),(69,5,'2020-10-14','Combustível -   Diesel Trator Cesar',1,4,5,100.00,'C','Observação','2021-04-01 15:11:40','2021-04-01 15:11:40',NULL),(70,5,'2020-10-18','Cont Plantadeira Feijão',1,7,5,440.00,'C','Observação','2021-04-01 15:13:27','2021-04-01 15:13:27',NULL),(71,5,'2020-10-18','Capina Feijão 6 serviços',1,1,5,420.00,'C','Observação','2021-04-01 15:14:33','2021-04-01 15:14:33',NULL),(72,5,'2020-10-18','Adubo 04-14-08  10 sc',1,2,5,800.00,'C','Observação','2021-04-01 15:15:36','2021-04-01 15:15:36',NULL),(73,5,'2020-10-19','Adubo 20-00-20  4 sc',1,2,5,440.00,'C','Observação','2021-04-01 15:16:24','2021-04-01 15:16:24',NULL),(74,5,'2021-01-15','Colheita - 10 serviços',1,1,5,700.00,'C','Observação','2021-04-01 15:18:18','2021-04-01 15:18:18',NULL),(75,5,'2021-01-15','Henrique Bater Feijão',1,7,5,200.00,'C','Observação','2021-04-01 15:19:35','2021-04-01 15:19:35',NULL),(76,5,'2021-01-15','Bater Feijão',1,1,5,280.00,'C','Observação','2021-04-01 15:19:58','2021-04-01 15:19:58',NULL),(77,5,'2020-10-15','Gadear feijão',1,7,4,100.00,'C','Observação','2021-04-01 15:24:36','2021-04-01 15:24:36',NULL),(78,5,'2020-12-30','Plantadeira feijão',1,7,4,165.00,'C','Observação','2021-04-01 15:24:56','2021-04-01 15:26:15',NULL),(79,5,'2020-12-30','Adubo 04-14-08  3 sc',1,2,4,270.00,'C','Observação','2021-04-01 15:25:57','2021-04-01 15:25:57',NULL),(80,5,'2021-01-25','Capina',1,1,4,210.00,'C','Observação','2021-04-01 15:27:03','2021-04-01 15:27:20',NULL),(81,5,'2020-12-31','Mata mato 4 lt',1,2,4,140.00,'C','Observação','2021-04-01 15:28:27','2021-04-01 15:28:27',NULL),(82,5,'2021-02-05','Adubo 20-00-20  2 sc',1,2,4,220.00,'C','Observação','2021-04-01 15:29:05','2021-04-01 15:29:05',NULL),(83,5,'2021-02-12','Lilico telhado',2,5,6,1000.00,'C','Observação','2021-04-01 15:33:56','2021-04-01 15:33:56',NULL),(84,5,'2021-02-12','Matheus',1,1,6,360.00,'C','Observação','2021-04-01 15:34:50','2021-04-01 15:34:50',NULL),(85,5,'2021-02-19','Lilico telhado',2,5,6,1500.00,'C','Observação','2021-04-01 15:35:36','2021-04-01 15:35:36',NULL),(86,5,'2021-02-21','Combustível -  Gasolina',1,4,6,120.00,'C','Observação','2021-04-01 15:36:19','2021-04-01 15:36:19',NULL),(87,5,'2021-01-28','Feijão - Comprador Avulso',3,3,5,420.00,'V','José Luiz','2021-04-01 15:42:49','2021-04-01 15:42:49',NULL),(88,5,'2021-01-28','Feijão - Comprador Avulso',3,3,5,210.00,'V','Mae do José Luiz','2021-04-01 15:43:30','2021-04-01 15:43:30',NULL),(89,5,'2021-01-28','Feijão - Comprador Avulso',3,3,5,280.00,'V','Andre','2021-04-01 15:44:23','2021-04-01 15:44:23',NULL),(90,5,'2021-01-28','Feijão - Comprador Avulso',3,3,5,350.00,'V','Joao','2021-04-01 15:44:43','2021-04-01 15:44:43',NULL),(91,5,'2021-01-28','Feijão - Comprador Avulso',3,3,5,650.00,'V','Valdeci','2021-04-01 15:46:48','2021-04-01 15:46:48',NULL),(92,5,'2021-02-01','Feijão - Comprador Avulso',3,3,5,280.00,'V','Paulo Miranda','2021-04-01 15:47:55','2021-04-01 15:47:55',NULL),(93,5,'2021-02-01','Feijão - Comprador Avulso',3,3,5,70.00,'V','Jair','2021-04-01 15:48:13','2021-04-01 15:48:13',NULL),(94,5,'2021-02-03','Feijão - Comprador Avulso',3,3,5,105.00,'V','Fabia','2021-04-01 15:48:48','2021-04-01 15:48:48',NULL),(95,5,'2021-02-03','Feijão - Comprador Avulso',3,3,5,105.00,'V','Tiago','2021-04-01 15:49:13','2021-04-01 15:49:13',NULL),(96,5,'2021-02-05','Feijão - Comprador Avulso',3,3,5,140.00,'V','Paulo Pai','2021-04-01 15:49:36','2021-04-01 15:49:36',NULL),(97,5,'2021-02-05','Feijão - Comprador Avulso',3,3,5,140.00,'V','Tico','2021-04-01 15:50:14','2021-04-01 15:50:14',NULL),(98,5,'2021-02-06','Feijão - Comprador Avulso',3,3,5,175.00,'V','Silvano','2021-04-01 15:50:42','2021-04-01 15:50:42',NULL),(99,5,'2021-02-06','Feijão - Comprador Avulso',3,3,5,350.00,'V','Adilson','2021-04-01 15:51:30','2021-04-01 15:51:30',NULL),(100,5,'2021-02-06','Feijão - Comprador Avulso',3,3,5,210.00,'V','Manuel','2021-04-01 15:51:55','2021-04-01 15:51:55',NULL),(101,5,'2021-02-06','Feijão - Comprador Avulso',3,3,5,70.00,'V','Fabia','2021-04-01 15:52:12','2021-04-01 15:52:12',NULL),(102,5,'2021-02-18','Feijão - Comprador Avulso',3,3,5,180.00,'V','Junior','2021-04-01 15:54:37','2021-04-01 15:54:37',NULL),(103,5,'2021-02-18','Feijão - Comprador Avulso',3,3,5,60.00,'V','Vagner','2021-04-01 15:54:58','2021-04-01 15:54:58',NULL),(104,5,'2021-02-18','Feijão - Comprador Avulso',3,3,5,300.00,'V','Junior','2021-04-01 15:55:27','2021-04-01 15:55:27',NULL),(105,5,'2021-02-18','Feijão - Comprador Avulso',3,3,5,300.00,'V','Valdeci','2021-04-01 15:55:47','2021-04-01 15:55:47',NULL),(106,5,'2021-02-18','Feijão - Comprador Avulso',3,3,5,1250.00,'V','Colega do Junior','2021-04-01 15:56:38','2021-04-01 15:56:38',NULL),(107,5,'2021-02-18','Feijão - Comprador Avulso',3,3,5,300.00,'V','Dedé','2021-04-01 15:57:13','2021-04-01 15:57:13',NULL),(108,5,'2021-02-09','Abacate Comum - Dedé',3,3,4,60.00,'V','...','2021-04-01 15:58:59','2021-04-01 15:58:59',NULL),(109,5,'2021-02-09','Abacate Comum - Junior',3,3,4,50.00,'V','Junior','2021-04-01 15:59:23','2021-04-01 16:04:46',NULL),(110,5,'2021-02-16','Abacate Comum - Dedé',3,3,4,120.00,'V','Preço nao informado','2021-04-01 16:00:13','2021-05-03 16:53:12',NULL),(111,5,'2021-02-18','Abacate Comum - Dedé',3,3,4,30.00,'V','Preço nao informado','2021-04-01 16:00:36','2021-05-03 16:53:59',NULL),(112,5,'2021-02-18','Abacate Comum - Junior',3,3,4,50.00,'V','Junior','2021-04-01 16:00:59','2021-04-01 16:05:16',NULL),(113,5,'2021-02-26','Abacate Comum - Junior',3,3,4,90.00,'V','...','2021-04-01 16:01:26','2021-04-01 16:05:44',NULL),(114,5,'2021-02-09','Abobrinha - Junior',3,3,1,35.00,'V','...','2021-04-01 16:06:42','2021-04-01 16:06:42',NULL),(115,5,'2021-02-18','Abobrinha - Junior',3,3,1,150.00,'V','...','2021-04-01 16:07:04','2021-04-01 16:07:04',NULL),(116,5,'2021-02-25','Abobrinha - Dedé',3,3,1,90.00,'V','Preço não informado','2021-04-01 16:07:48','2021-05-03 16:54:37',NULL),(117,5,'2021-02-09','Pimentão Vermelho - Benassi - André',3,3,3,1064.70,'V','...','2021-04-04 02:06:55','2021-04-16 09:07:15',NULL),(118,5,'2021-02-09','Pimentão Amarelo - Benassi - André',3,3,3,118.30,'V','...','2021-04-04 02:07:30','2021-04-16 09:07:43',NULL),(119,5,'2021-02-11','Pimentão Misto - Dedé',3,3,3,1050.00,'V','...','2021-04-04 02:08:24','2021-04-04 02:08:24',NULL),(120,5,'2021-02-11','Pimentão Verde - Dedé',3,3,3,12.00,'V','...','2021-04-04 02:08:51','2021-04-04 02:08:51',NULL),(121,5,'2021-04-09','Pimentão Amarelo - Benassi - André',3,3,3,286.65,'V','...','2021-04-04 02:09:38','2021-04-28 22:18:16',NULL),(122,5,'2021-04-09','Pimentão Vermelho - Benassi - André',3,3,3,414.05,'V','...','2021-04-04 02:10:21','2021-04-28 22:19:27',NULL),(123,5,'2021-02-18','Pimentão Misto - Dedé',3,3,3,420.00,'V','Valor nao esta no livro','2021-04-04 02:11:49','2021-04-26 09:03:14',NULL),(124,5,'2021-02-18','Pimentão Verde - Dedé',3,3,3,30.00,'V','Valor nao esta no livro','2021-04-04 02:14:15','2021-04-26 09:03:41',NULL),(125,5,'2021-02-18','Pimentão Misto - Junior',3,3,3,80.00,'V','...','2021-04-04 02:15:18','2021-04-04 02:16:20',NULL),(126,5,'2021-02-18','Pimentão Amarelo - Rafael',3,3,3,45.00,'V','...','2021-04-04 02:20:41','2021-04-04 02:20:41',NULL),(127,5,'2021-02-18','Pimentão Vermelho - Rafael',3,3,3,45.00,'V','...','2021-04-04 02:20:50','2021-04-04 02:20:50',NULL),(128,5,'2021-02-25','Pimentão Amarelo - Benassi - André',3,3,3,286.65,'V','...','2021-04-04 02:21:45','2021-04-19 14:32:29',NULL),(129,5,'2021-02-25','Pimentão Vermelho - Benassi - André',3,3,3,327.60,'V','...','2021-04-04 02:22:21','2021-04-19 14:32:49',NULL),(130,5,'2021-02-25','Pimentão Misto - Rafael',3,3,3,40.00,'V','...','2021-04-04 02:23:28','2021-04-04 02:23:28',NULL),(131,5,'2021-02-25','Pimentão Amarelo - Rafael',3,3,3,90.00,'V','...','2021-04-04 02:24:45','2021-04-04 02:24:45',NULL),(132,5,'2021-02-25','Pimentão Vermelho - Rafael',3,3,3,135.00,'V','...','2021-04-04 02:25:20','2021-04-04 02:25:20',NULL),(133,5,'2021-03-04','Pimentão Amarelo - Benassi - André',3,3,3,286.65,'V','...','2021-04-04 02:25:48','2021-04-19 14:33:12',NULL),(134,5,'2021-03-04','Pimentão Vermelho - Benassi - André',3,3,3,327.60,'V','...','2021-04-04 02:26:16','2021-04-19 14:33:40',NULL),(135,5,'2021-03-11','Pimentão Vermelho - Benassi - André',3,3,3,500.50,'V','...','2021-04-04 02:26:45','2021-04-19 14:34:08',NULL),(136,5,'2021-03-04','Pimentão Verde - Mario Wilson',3,3,3,160.00,'V','...','2021-04-04 02:27:50','2021-04-04 02:27:50',NULL),(137,5,'2021-02-04','Pimentão Misto - Mario Wilson',3,3,3,80.00,'V','...','2021-04-04 02:32:32','2021-04-04 02:32:32',NULL),(138,5,'2021-03-11','Pimentão Amarelo - Benassi - André',3,3,3,250.25,'V','...','2021-04-04 02:35:43','2021-04-19 14:34:50',NULL),(139,5,'2021-03-16','Pimentão Amarelo - Benassi - André',3,3,3,530.53,'V','...','2021-04-04 02:36:29','2021-04-19 14:37:15',NULL),(140,5,'2021-03-16','Pimentão Vermelho - Benassi - André',3,3,3,723.45,'V','...','2021-04-04 02:36:50','2021-04-19 14:37:40',NULL),(141,5,'2021-03-18','Pimentão Amarelo - Benassi - André',3,3,3,227.50,'V','...','2021-04-04 02:37:57','2021-04-19 14:38:13',NULL),(142,5,'2021-03-23','Pimentão Vermelho - Benassi - André',3,3,3,773.50,'V','...','2021-04-04 02:39:05','2021-04-19 20:33:04',NULL),(143,5,'2021-03-23','Pimentão Amarelo - Benassi - André',3,3,3,1001.00,'V','...','2021-04-04 02:39:21','2021-04-19 20:33:37',NULL),(144,5,'2021-03-23','Pimentão Misto - Benassi - André',3,3,3,45.50,'V','...','2021-04-04 02:39:39','2021-04-19 20:34:00',NULL),(145,5,'2021-03-04','Pimentão Amarelo - Benassi - André',3,3,2,941.85,'V','...','2021-04-04 02:45:11','2021-04-19 20:37:54',NULL),(146,5,'2021-03-04','Pimentão Vermelho - Benassi - André',3,3,2,1064.70,'V','...','2021-04-04 02:45:28','2021-04-19 20:39:00',NULL),(147,5,'2021-03-11','Pimentão Amarelo - Benassi - André',3,3,2,750.75,'V','...','2021-04-04 02:46:05','2021-04-19 20:39:51',NULL),(148,5,'2021-03-11','Pimentão Vermelho - Benassi - André',3,3,2,1201.20,'V','...','2021-04-04 02:46:21','2021-04-19 20:40:48',NULL),(149,5,'2021-03-11','Pimentão Amarelo - Benassi - André',3,3,2,250.25,'V','sem informacao de preco','2021-04-04 02:47:10','2021-04-19 20:36:44',NULL),(150,5,'2021-03-11','Pimentão Vermelho - Benassi - André',3,3,2,200.20,'V','sem informacao de preco','2021-04-04 02:47:22','2021-04-19 20:37:19',NULL),(151,5,'2021-03-16','Pimentão Amarelo - Benassi - André',3,3,2,868.14,'V','...','2021-04-04 02:48:08','2021-04-19 20:41:40',NULL),(152,5,'2021-03-16','Pimentão Vermelho - Benassi - André',3,3,2,1061.06,'V','...','2021-04-04 02:49:04','2021-04-19 20:41:56',NULL),(153,5,'2021-03-18','Pimentão Vermelho - Benassi - André',3,3,2,637.00,'V','...','2021-04-04 02:49:41','2021-04-19 20:42:40',NULL),(154,5,'2021-03-18','Pimentão Amarelo - Benassi - André',3,3,2,546.00,'V','...','2021-04-04 02:50:07','2021-04-19 20:43:01',NULL),(155,5,'2021-03-18','Pimentão Amarelo - Rafael',3,3,2,40.00,'V','...','2021-04-04 02:55:13','2021-04-04 02:55:13',NULL),(156,5,'2021-03-18','Pimentão Vermelho - Rafael',3,3,2,40.00,'V','...','2021-04-04 02:55:21','2021-04-04 02:55:21',NULL),(157,5,'2021-03-23','Pimentão Vermelho - Benassi - André',3,3,2,1729.00,'V','...','2021-04-04 02:56:05','2021-04-19 20:43:46',NULL),(158,5,'2021-03-23','Pimentão Amarelo - Benassi - André',3,3,2,1956.50,'V','...','2021-04-04 02:56:28','2021-04-19 20:45:59',NULL),(159,5,'2021-03-23','Pimentão Amarelo - Benassi - André',3,3,2,54.60,'V','Miudo','2021-04-04 02:57:31','2021-04-19 20:46:16',NULL),(160,5,'2021-03-23','Pimentão Misto - Rafael',3,3,2,42.00,'V','Sem informação de preco','2021-04-04 02:58:25','2021-04-26 09:17:30',NULL),(161,3,'2021-02-03','MKP 00.52.34 Haifa',1,2,2,33.00,'P','...','2021-04-04 10:32:12','2021-04-04 10:32:12',NULL),(162,1,'2021-02-03','MKP 00.52.34 Haifa',1,2,2,33.00,'P','...','2021-04-05 14:42:29','2021-04-05 15:00:45','2021-04-05 15:00:45'),(163,1,'2021-02-03','MKP 00.52.34 Haifa',1,2,3,33.00,'P','...','2021-04-05 14:42:40','2021-04-05 15:00:51','2021-04-05 15:00:51'),(164,1,'2021-02-05','Nitrato de Calcio Haifa',1,2,2,10.77,'P','...','2021-04-05 14:43:13','2021-04-05 15:00:57','2021-04-05 15:00:57'),(165,1,'2021-02-05','Nitrato de Calcio Haifa',1,2,3,10.77,'P','...','2021-04-05 14:43:21','2021-04-05 15:01:02','2021-04-05 15:01:02'),(166,3,'2021-02-05','Nitrato de Calcio Haifa',1,2,2,10.77,'P','...','2021-04-05 15:02:38','2021-04-05 15:02:38',NULL),(167,3,'2021-02-05','Nitrato de Calcio Haifa',1,2,3,10.77,'P','...','2021-04-05 15:02:51','2021-04-05 15:02:51',NULL),(168,3,'2021-02-05','Nitrato de potássio Haifa',1,2,2,86.04,'P','...','2021-04-05 15:03:30','2021-04-19 18:33:29',NULL),(169,3,'2021-02-05','Nitrato de potássio Haifa',1,2,3,86.04,'P','...','2021-04-05 15:03:39','2021-04-19 18:33:46',NULL),(170,3,'2021-02-05','Fertiliza Irriga Fert Max Plus 05 Kg',1,2,2,60.00,'P','...','2021-04-05 15:04:12','2021-04-19 18:40:35',NULL),(171,3,'2021-02-05','Fertiliza Irriga Fert Max Plus 05 Kg',1,2,3,60.00,'P','...','2021-04-05 15:04:20','2021-04-19 18:40:50',NULL),(172,3,'2021-02-03','MKP 00.52.34 Haifa',1,2,3,33.00,'P','...','2021-04-05 15:05:24','2021-04-05 15:05:24',NULL),(173,3,'2021-02-08','MAP Purificado 12.61 Haifa',1,2,2,24.00,'P','...','2021-04-05 15:06:54','2021-04-05 15:06:54',NULL),(174,3,'2021-02-08','MAP Purificado 12.61 Haifa',1,2,3,24.00,'P','...','2021-04-05 15:07:09','2021-04-05 15:07:09',NULL),(175,3,'2021-02-08','Avalon Sulfato de Magnesio',1,2,2,810.00,'P','...','2021-04-05 15:08:24','2021-04-19 18:46:00',NULL),(176,3,'2021-02-08','Avalon Sulfato de Magnesio',1,2,3,810.00,'P','...','2021-04-05 15:08:42','2021-04-19 18:46:27',NULL),(177,2,'2021-03-31','Pimentão Amarelo - Benassi - André',3,3,2,2252.25,'V','...','2021-04-08 15:31:22','2021-04-19 20:46:36',NULL),(178,2,'2021-03-31','Pimentão Vermelho - Benassi - André',3,3,2,1801.80,'V','...','2021-04-08 15:32:15','2021-04-19 20:46:52',NULL),(179,1,'2021-03-31','Pimentão Amarelo Médio - Benassi - André',3,3,2,163.80,'V','...','2021-04-08 15:36:39','2021-04-19 20:47:10',NULL),(180,1,'2021-03-31','Pimentão Vermelho Médio - Benassi - André',3,3,2,136.50,'V','...','2021-04-08 15:37:23','2021-04-19 20:47:24',NULL),(181,1,'2021-03-29','Pimentão Amarelo - Rafael',3,3,2,70.00,'V','Ainda nao tem preço','2021-04-08 15:38:55','2021-04-26 09:18:51',NULL),(182,1,'2021-03-29','Pimentão Vermelho - Rafael',3,3,2,70.00,'V','Ainda nao tem preço','2021-04-08 15:39:06','2021-04-26 09:19:18',NULL),(183,1,'2021-03-30','Pimentão Misto - Junior',3,3,2,50.00,'V','Sem preço','2021-04-08 15:39:39','2021-04-26 09:19:58',NULL),(184,1,'2021-03-31','Pimentão Amarelo - Benassi - André',3,3,3,1751.75,'V','...','2021-04-08 15:42:02','2021-04-19 20:47:42',NULL),(185,1,'2021-03-31','Pimentão Vermelho - Benassi - André',3,3,3,1851.85,'V','...','2021-04-08 15:42:25','2021-04-19 20:48:07',NULL),(186,1,'2021-03-31','Pimentão Verde - Tiririca',3,3,3,180.00,'V','...','2021-04-08 15:43:35','2021-05-03 16:56:07',NULL),(187,2,'2020-10-31','MKP 00.52.34 Haifa',1,2,2,88.00,'P','Total utilizado no mês de out/20','2021-04-19 14:45:07','2021-04-19 14:45:07',NULL),(188,2,'2020-10-31','Nitrato de Calcio Haifa',1,2,2,28.72,'P','Total utilizado no mês de out/20','2021-04-19 14:46:16','2021-04-19 14:50:42',NULL),(189,2,'2020-11-30','Nitrato de Calcio Haifa',1,2,2,28.72,'P','Total utilizado no mês de nov/20','2021-04-19 14:46:30','2021-04-19 14:51:10',NULL),(190,2,'2020-12-31','Nitrato de Calcio Haifa',1,2,2,28.72,'P','Total utilizado no mês de dez/20','2021-04-19 14:47:00','2021-04-19 14:51:20',NULL),(191,2,'2021-01-31','Nitrato de Calcio Haifa',1,2,2,28.72,'P','Total utilizado no mês de jan/21','2021-04-19 14:47:29','2021-04-19 14:51:31',NULL),(192,2,'2021-01-31','Nitrato de potássio Haifa',1,2,2,86.04,'P','Total utilizado no mês de jan/21','2021-04-19 14:52:35','2021-04-19 18:34:02',NULL),(193,2,'2021-03-31','Nitrato de potássio Haifa',1,2,2,86.04,'P','Total utilizado no mês de jan/21','2021-04-19 14:53:10','2021-04-19 18:34:18',NULL),(194,2,'2021-03-31','Nitrato de Calcio Haifa',1,2,2,43.08,'P','Total utilizado no mês de mar/21','2021-04-19 14:54:02','2021-04-19 14:54:02',NULL),(195,2,'2020-10-31','MAP Purificado 12.61 Haifa',1,2,2,64.00,'P','Total utilizado no mês de out/20','2021-04-19 14:55:19','2021-04-19 14:55:19',NULL),(196,2,'2020-11-30','MAP Purificado 12.61 Haifa',1,2,2,64.00,'P','Total utilizado no mês de nov/20','2021-04-19 14:55:43','2021-04-19 14:55:43',NULL),(197,2,'2020-12-30','MAP Purificado 12.61 Haifa',1,2,2,64.00,'P','Total utilizado no mês de dez/20','2021-04-19 14:56:08','2021-04-19 14:56:08',NULL),(198,2,'2021-01-31','MAP Purificado 12.61 Haifa',1,2,2,96.00,'P','Total utilizado no mês de jan/21','2021-04-19 14:56:57','2021-04-19 14:56:57',NULL),(199,2,'2021-03-31','MAP Purificado 12.61 Haifa',1,2,2,96.00,'P','Total utilizado no mês de mar/21','2021-04-19 14:57:22','2021-04-19 14:57:22',NULL),(200,1,'2020-10-31','Avalon Sulfato de Magnesio',1,2,2,810.00,'P','Total utilizado no mês de out/20','2021-04-19 17:51:23','2021-04-19 17:51:23',NULL),(201,1,'2020-11-30','Avalon Sulfato de Magnesio',1,2,2,810.00,'P','Total utilizado no mês de nov/20','2021-04-19 17:51:41','2021-04-19 17:51:41',NULL),(202,1,'2020-12-30','Avalon Sulfato de Magnesio',1,2,2,810.00,'P','Total utilizado no mês de dez/20','2021-04-19 17:52:03','2021-04-19 17:52:03',NULL),(203,1,'2021-01-30','Avalon Sulfato de Magnesio',1,2,2,810.00,'P','Total utilizado no mês de jan/21','2021-04-19 17:52:35','2021-04-19 17:52:35',NULL),(204,1,'2021-02-27','Avalon Sulfato de Magnesio',1,2,2,810.00,'P','Total utilizado no mês de fev/21','2021-04-19 17:53:36','2021-04-19 17:53:36',NULL),(205,1,'2021-03-31','Avalon Sulfato de Magnesio',1,2,2,810.00,'P','Total utilizado no mês de mar/21','2021-04-19 17:53:56','2021-04-19 17:53:56',NULL),(206,1,'2020-10-31','Leonardita',1,2,2,21.60,'P','Total utilizado no mês de out/20','2021-04-19 17:55:25','2021-04-19 17:55:25',NULL),(207,1,'2020-11-30','Leonardita',1,2,2,21.60,'P','Total utilizado no mês de nov/20','2021-04-19 17:55:47','2021-04-19 17:55:47',NULL),(208,1,'2020-12-30','Leonardita',1,2,2,21.60,'P','Total utilizado no mês de dez/20','2021-04-19 17:56:04','2021-04-19 17:56:04',NULL),(209,1,'2021-01-31','Leonardita',1,2,2,21.60,'P','Total utilizado no mês de jan/21','2021-04-19 17:56:43','2021-04-19 17:56:43',NULL),(210,1,'2021-03-31','Leonardita',1,2,2,21.60,'P','Total utilizado no mês de mar/21','2021-04-19 17:57:04','2021-04-19 17:57:04',NULL),(211,1,'2020-11-30','MKP 00.52.34 Haifa',1,2,2,88.00,'P','Total utilizado no mês de nov/20','2021-04-19 18:00:21','2021-04-19 18:02:12',NULL),(212,1,'2020-12-30','MKP 00.52.34 Haifa',1,2,2,88.00,'P','Total utilizado no mês de dez/20','2021-04-19 18:00:49','2021-04-19 18:02:29',NULL),(213,1,'2021-01-31','MKP 00.52.34 Haifa',1,2,2,88.00,'P','Total utilizado no mês de jan/21','2021-04-19 18:01:17','2021-04-19 18:02:42',NULL),(214,1,'2021-03-31','MKP 00.52.34 Haifa',1,2,2,88.00,'P','Total utilizado no mês de mar/21','2021-04-19 18:01:34','2021-04-19 18:02:53',NULL),(215,1,'2020-11-30','MKP 00.52.34 Haifa',1,2,3,88.00,'P','Total utilizado no mês de nov/20','2021-04-19 18:06:35','2021-04-19 18:06:35',NULL),(216,1,'2020-12-30','MKP 00.52.34 Haifa',1,2,3,88.00,'P','Total utilizado no mês de dez/20','2021-04-19 18:06:57','2021-04-19 18:06:57',NULL),(217,1,'2021-01-30','MKP 00.52.34 Haifa',1,2,3,88.00,'P','Total utilizado no mês de jan/21','2021-04-19 18:07:33','2021-04-19 18:07:33',NULL),(218,1,'2021-03-31','MKP 00.52.34 Haifa',1,2,3,88.00,'P','Total utilizado no mês de jan/21','2021-04-19 18:07:58','2021-04-19 18:07:58',NULL),(219,1,'2020-11-30','Leonardita',1,2,3,21.60,'P','Total utilizado no mês de nov/20','2021-04-19 18:09:09','2021-04-19 18:09:09',NULL),(220,1,'2020-12-30','Leonardita',1,2,3,21.60,'P','Total utilizado no mês de dez/20','2021-04-19 18:10:03','2021-04-19 18:10:03',NULL),(221,1,'2021-01-30','Leonardita',1,2,3,21.60,'P','Total utilizado no mês de jan/20','2021-04-19 18:10:20','2021-04-19 18:10:20',NULL),(222,1,'2021-02-28','Leonardita',1,2,3,21.60,'P','Total utilizado no mês de fev/20','2021-04-19 18:11:02','2021-04-19 18:11:02',NULL),(223,1,'2021-03-30','Leonardita',1,2,3,21.60,'P','Total utilizado no mês de mar/20','2021-04-19 18:11:28','2021-04-19 18:11:28',NULL),(224,1,'2020-11-30','Nitrato de Calcio Haifa',1,2,3,28.72,'P','Total utilizado no mês de nov/20','2021-04-19 18:12:27','2021-04-19 18:15:33',NULL),(225,1,'2020-12-30','Nitrato de Calcio Haifa',1,2,3,28.72,'P','Total utilizado no mês de dez/20','2021-04-19 18:12:40','2021-04-19 18:16:00',NULL),(226,1,'2021-01-30','Nitrato de Calcio Haifa',1,2,3,28.72,'P','Total utilizado no mês de jan/21','2021-04-19 18:13:19','2021-04-19 18:16:26',NULL),(227,1,'2021-03-31','Nitrato de Calcio Haifa',1,2,3,28.72,'P','Total utilizado no mês de mar/21','2021-04-19 18:13:36','2021-04-19 18:16:43',NULL),(228,1,'2021-01-31','Nitrato de potássio Haifa',1,2,3,86.04,'P','Total utilizado no mês de jan/21','2021-04-19 18:20:18','2021-04-19 18:34:44',NULL),(229,1,'2021-03-31','Nitrato de potássio Haifa',1,2,3,86.04,'P','Total utilizado no mês de mar/21','2021-04-19 18:20:49','2021-04-19 18:34:54',NULL),(230,1,'2020-11-30','Fertiliza Irriga Fert Max Plus 05 Kg',1,2,3,60.00,'P','Total utilizado no mês de nov/20','2021-04-19 18:39:12','2021-04-19 18:39:12',NULL),(231,1,'2021-03-31','Fertiliza Irriga Fert Max Plus 05 Kg',1,2,3,60.00,'P','Total utilizado no mês de mar/20','2021-04-19 18:39:59','2021-04-19 18:39:59',NULL),(232,1,'2021-01-30','Fertiliza Irriga Fert Max Plus 05 Kg',1,2,2,60.00,'P','Total utilizado no mês de jan/21','2021-04-19 18:42:25','2021-04-19 18:42:25',NULL),(233,1,'2021-03-31','Fertiliza Irriga Fert Max Plus 05 Kg',1,2,2,60.00,'P','Total utilizado no mês de mar/21','2021-04-19 18:42:44','2021-04-19 18:42:44',NULL),(234,1,'2020-11-30','MAP Purificado 12.61 Haifa',1,2,3,64.00,'P','Total utilizado no mês de nov/20','2021-04-19 18:44:03','2021-04-19 18:44:03',NULL),(235,1,'2020-12-30','MAP Purificado 12.61 Haifa',1,2,3,64.00,'P','Total utilizado no mês de dez/20','2021-04-19 18:44:18','2021-04-19 18:44:18',NULL),(236,1,'2021-01-30','MAP Purificado 12.61 Haifa',1,2,3,64.00,'P','Total utilizado no mês de jan/21','2021-04-19 18:44:40','2021-04-19 18:44:40',NULL),(237,1,'2021-03-31','MAP Purificado 12.61 Haifa',1,2,3,64.00,'P','Total utilizado no mês de mar/21','2021-04-19 18:45:01','2021-04-19 18:45:01',NULL),(238,1,'2020-10-31','Varias atividades relacionadas',1,1,2,1187.12,'A','considerando que trabalhou metade do mês na estufa 2','2021-04-19 19:44:41','2021-04-19 19:48:19',NULL),(239,1,'2020-11-30','Varias atividades relacionadas',1,1,2,1187.12,'A','considerando que trabalhou metade do mês na estufa 2','2021-04-19 19:45:07','2021-04-19 19:48:32',NULL),(240,1,'2020-12-30','Varias atividades relacionadas',1,1,2,1187.12,'A','considerando que trabalhou metade do mês na estufa 2','2021-04-19 19:45:23','2021-04-19 19:48:46',NULL),(241,1,'2021-01-31','Varias atividades relacionadas',1,1,2,1187.12,'A','...','2021-04-19 19:50:09','2021-04-19 19:50:09',NULL),(242,1,'2021-02-28','Varias atividades relacionadas',1,1,2,1187.12,'A','...','2021-04-19 19:50:25','2021-04-19 19:50:25',NULL),(243,1,'2021-03-31','Varias atividades relacionadas',1,1,2,1187.12,'A','...','2021-04-19 19:50:43','2021-04-19 19:50:43',NULL),(244,1,'2020-11-30','Varias atividades relacionadas',1,1,2,806.96,'A','...','2021-04-19 19:51:16','2021-04-19 19:51:16',NULL),(245,1,'2020-10-31','Varias atividades relacionadas',1,1,2,806.96,'A','...','2021-04-19 19:51:40','2021-04-19 19:51:40',NULL),(246,1,'2020-12-30','Varias atividades relacionadas',1,1,2,806.96,'A','...','2021-04-19 19:51:56','2021-04-19 19:51:56',NULL),(247,1,'2021-01-30','Varias atividades relacionadas',1,1,2,806.96,'A','...','2021-04-19 19:52:10','2021-04-19 19:52:10',NULL),(248,1,'2021-02-28','Varias atividades relacionadas',1,1,2,806.96,'A','...','2021-04-19 19:52:20','2021-04-19 19:52:20',NULL),(249,1,'2021-03-31','Varias atividades relacionadas',1,1,2,806.96,'A','...','2021-04-19 19:52:46','2021-04-19 19:52:46',NULL),(250,1,'2020-11-30','Varias atividades relacionadas',1,1,3,806.96,'A','...','2021-04-19 19:53:09','2021-04-19 19:53:09',NULL),(251,1,'2020-12-30','Varias atividades relacionadas',1,1,3,806.96,'A','...','2021-04-19 19:53:37','2021-04-19 19:53:37',NULL),(252,1,'2021-01-30','Varias atividades relacionadas',1,1,3,806.96,'A','...','2021-04-19 19:53:51','2021-04-19 19:53:51',NULL),(253,1,'2021-02-28','Varias atividades relacionadas',1,1,3,806.96,'A','...','2021-04-19 19:54:03','2021-04-19 19:54:03',NULL),(254,1,'2021-03-31','Varias atividades relacionadas',1,1,3,806.96,'A','...','2021-04-19 19:54:25','2021-04-19 19:54:25',NULL),(255,1,'2020-11-30','Varias atividades relacionadas',1,1,3,1187.12,'A','...','2021-04-19 19:55:03','2021-04-19 19:55:03',NULL),(256,1,'2020-12-30','Varias atividades relacionadas',1,1,3,1187.12,'A','...','2021-04-19 19:55:13','2021-04-19 19:55:13',NULL),(257,1,'2021-01-30','Varias atividades relacionadas',1,1,3,1187.12,'A','...','2021-04-19 19:55:32','2021-04-19 19:55:32',NULL),(258,1,'2021-02-28','Varias atividades relacionadas',1,1,3,1187.12,'A','...','2021-04-19 19:55:43','2021-04-19 19:55:43',NULL),(259,1,'2021-03-31','Varias atividades relacionadas',1,1,3,1187.12,'A','...','2021-04-19 19:55:58','2021-04-19 19:55:58',NULL),(260,1,'2020-12-31','Gastos com embalagens 14 cx',1,11,2,80.73,'C','Observação','2021-04-19 20:20:41','2021-05-26 11:03:54',NULL),(261,1,'2021-01-31','Gastos com embalagens 237 cx',1,11,2,1366.70,'C','Observação','2021-04-19 20:21:13','2021-05-26 11:04:37',NULL),(262,1,'2021-02-28','Gastos com embalagens 142 cx',1,11,2,818.87,'C','Observação','2021-04-19 20:21:53','2021-05-26 11:05:24',NULL),(263,1,'2021-03-31','Gastos com embalagens 347 cx',1,11,2,2001.03,'C','Observação','2021-04-19 20:22:20','2021-05-26 11:06:13',NULL),(264,1,'2021-02-28','Gastos com embalagens 118 cx',1,11,3,680.47,'C','Observação','2021-04-19 20:23:18','2021-05-26 11:16:29',NULL),(265,1,'2021-03-31','Gastos com embalagens 187 cx',1,11,3,1078.37,'C','Observação','2021-04-19 20:23:41','2021-05-26 11:17:27',NULL),(266,1,'2020-12-31','Gastos com frete 14 cx',1,10,2,42.00,'C','Observação','2021-04-19 20:26:08','2021-04-26 16:32:02',NULL),(267,1,'2021-01-31','Gastos com frete 237 cx',1,10,2,711.00,'C','Observação','2021-04-19 20:26:33','2021-04-26 16:32:18',NULL),(268,1,'2021-02-28','Gastos com frete 142 cx',1,10,2,426.00,'C','Observação','2021-04-19 20:27:01','2021-04-26 16:32:25',NULL),(269,1,'2021-03-31','Gastos com frete 347 cx',1,10,2,1041.00,'C','Observação','2021-04-19 20:27:42','2021-04-26 16:32:36',NULL),(270,1,'2021-02-28','Gastos com frete 118 cx',1,10,3,354.00,'C','Observação','2021-04-19 20:28:16','2021-04-26 16:32:46',NULL),(271,1,'2021-03-31','Gastos com frete 187 cx',1,10,3,561.00,'C','Observação','2021-04-19 20:28:51','2021-04-26 16:32:55',NULL),(272,1,'2021-04-07','Pimentão Vermelho - Benassi - André',3,3,2,2047.50,'V','Verificar do total de 49 quanto para cada estufa - dividi entre as duas','2021-04-19 21:00:52','2021-04-19 21:09:32',NULL),(273,1,'2021-04-07','Pimentão Amarelo - Benassi - André',3,3,2,1638.00,'V','Verificar do total de 49 quanto para cada estufa - dividi entre as duas','2021-04-19 21:01:17','2021-04-19 21:08:54',NULL),(274,1,'2021-04-07','Pimentão Vermelho Médio - Benassi - André',3,3,2,81.90,'V','Verificar do total de 49 quanto para cada estufa - dividi entre as duas','2021-04-19 21:01:35','2021-04-19 21:05:34',NULL),(275,1,'2021-04-07','Pimentão Vermelho - Benassi - André',3,3,3,1965.60,'V','Verificar do total de 49 quanto para cada estufa - dividi entre as duas','2021-04-19 21:02:04','2021-04-19 21:08:37',NULL),(276,1,'2021-04-07','Pimentão Amarelo - Benassi - André',3,3,3,1638.00,'V','Verificar do total de 49 quanto para cada estufa - dividi entre as duas','2021-04-19 21:02:18','2021-04-19 21:09:13',NULL),(277,1,'2021-04-07','Pimentão Vermelho Médio - Benassi - André',3,3,3,81.90,'V','Verificar do total de 49 quanto para cada estufa - dividi entre as duas','2021-04-19 21:02:41','2021-04-19 21:07:28',NULL),(278,1,'2021-04-14','Pimentão Vermelho - Benassi - André',3,3,2,650.65,'V','Verificar do total de 49 quanto para cada estufa - dividi entre as duas','2021-04-19 21:03:23','2021-04-19 21:09:51',NULL),(279,1,'2021-04-14','Pimentão Amarelo - Benassi - André',3,3,2,473.20,'V','Verificar do total de 49 quanto para cada estufa - dividi entre as duas','2021-04-19 21:03:36','2021-04-19 21:10:07',NULL),(280,1,'2021-04-14','Pimentão Vermelho Médio - Benassi - André',3,3,2,31.85,'V','Verificar do total de 49 quanto para cada estufa - dividi entre as duas','2021-04-19 21:04:04','2021-04-19 21:10:24',NULL),(281,1,'2021-04-14','Pimentão Vermelho - Benassi - André',3,3,3,591.50,'V','Verificar do total de 49 quanto para cada estufa - dividi entre as duas','2021-04-19 21:04:35','2021-04-19 21:10:38',NULL),(282,1,'2021-04-14','Pimentão Amarelo - Benassi - André',3,3,3,473.20,'V','Verificar do total de 49 quanto para cada estufa - dividi entre as duas','2021-04-19 21:04:48','2021-04-19 21:10:50',NULL),(283,1,'2021-04-07','Pimentão Amarelo Médio - Benassi - André',3,3,2,81.90,'V','...','2021-04-19 21:06:40','2021-04-19 21:11:02',NULL),(284,1,'2021-04-07','Gastos com embalagens 51 cx',1,11,2,294.10,'C','Observação','2021-04-19 21:15:52','2021-05-26 11:06:49',NULL),(285,1,'2021-04-07','Gastos com embalagens 54 cx',1,11,3,311.40,'C','Observação','2021-04-19 21:16:27','2021-05-26 11:17:44',NULL),(286,1,'2021-04-14','Gastos com embalagens 20 cx',1,11,2,115.33,'C','Observação','2021-04-19 21:16:56','2021-05-26 11:13:02',NULL),(287,1,'2021-04-14','Gastos com embalagens 18 cx',1,11,3,103.80,'C','Observação','2021-04-19 21:17:16','2021-05-26 11:18:11',NULL),(288,1,'2021-04-07','Gastos com frete 51cx',1,10,2,153.00,'C','Observação','2021-04-19 21:17:54','2021-04-26 17:04:28',NULL),(289,1,'2021-04-07','Gastos com frete 54 cx',1,10,3,162.00,'C','Observação','2021-04-19 21:18:23','2021-04-26 17:05:26',NULL),(290,1,'2021-04-14','Gastos com frete 20 cx',1,10,2,60.00,'C','Observação','2021-04-19 21:19:04','2021-04-26 16:34:17',NULL),(291,1,'2021-04-14','Gastos com frete 18 cx',1,10,3,54.00,'C','Observação','2021-04-19 21:19:27','2021-04-26 16:34:25',NULL),(292,1,'2021-04-08','Pimentão Misto - Cleber',3,3,2,4624.00,'V','...','2021-04-26 09:25:26','2021-04-26 09:25:26',NULL),(293,1,'2021-04-07','Pimentão Misto - Tiririca',3,3,2,160.00,'V','...','2021-04-26 09:26:29','2021-04-26 09:26:29',NULL),(294,1,'2021-04-21','Pimentão Amarelo - Benassi - André',3,3,2,191.10,'V','...','2021-04-26 09:28:30','2021-04-26 15:38:15',NULL),(295,1,'2021-04-21','Pimentão Vermelho - Benassi - André',3,3,2,254.80,'V','...','2021-04-26 09:28:53','2021-04-26 15:38:30',NULL),(296,1,'2021-04-21','Pimentão Vermelho Médio - Benassi - André',3,3,2,31.85,'V','...','2021-04-26 09:29:42','2021-04-26 15:38:49',NULL),(297,1,'2021-04-21','Pimentão Amarelo - Benassi - André',3,3,3,191.10,'V','...','2021-04-26 09:31:11','2021-04-26 15:39:06',NULL),(298,1,'2021-04-21','Pimentão Vermelho - Benassi - André',3,3,3,445.90,'V','...','2021-04-26 09:31:34','2021-04-26 15:39:21',NULL),(299,1,'2021-04-21','Pimentão Misto - Benassi - André',3,3,3,63.70,'V','Pimentão Médio','2021-04-26 09:32:35','2021-04-26 15:39:39',NULL),(300,1,'2021-04-07','Pimentão Verde - Tiririca',3,3,3,140.00,'V','...','2021-04-26 09:35:02','2021-04-26 09:35:02',NULL),(301,1,'2021-04-07','Pimentão Misto - Tiririca',3,3,3,55.00,'V','...','2021-04-26 09:35:40','2021-04-26 09:35:40',NULL),(302,1,'2021-04-14','Pimentão Misto - Tiririca',3,3,3,50.00,'V','...','2021-04-26 09:36:40','2021-04-26 09:36:40',NULL),(303,1,'2021-04-14','Pimentão Misto - Tiririca',3,3,3,30.00,'V','...','2021-04-26 09:37:16','2021-04-26 09:37:16',NULL),(304,1,'2021-04-19','Pimentão Vermelho - Rafael',3,3,3,0.20,'V','...','2021-04-26 14:42:13','2021-04-26 14:42:13',NULL),(305,1,'2021-04-19','Pimentão Amarelo - Rafael',3,3,3,0.10,'V','...','2021-04-26 14:42:31','2021-04-26 14:42:31',NULL),(306,1,'2021-03-29','Feijão - Comprador Avulso',3,3,4,200.10,'V','...','2021-04-26 15:06:25','2021-04-26 15:13:49',NULL),(307,1,'2021-03-29','Feijão - Mario Wilson',3,3,4,180.00,'V','...','2021-04-26 15:13:31','2021-04-26 15:13:31',NULL),(308,1,'2021-03-29','Feijão - Comprador Avulso',3,3,4,60.00,'V','Chocolate','2021-04-26 15:14:54','2021-04-26 15:14:54',NULL),(309,1,'2021-03-29','Feijão - Comprador Avulso',3,3,4,90.00,'V','Antonio Vigia','2021-04-26 15:15:39','2021-04-26 15:15:39',NULL),(310,1,'2021-03-29','Feijão - Comprador Avulso',3,3,4,48.00,'V','Cici','2021-04-26 15:16:20','2021-04-26 15:16:20',NULL),(311,1,'2021-03-29','Feijão - Tiririca',3,3,4,180.00,'V','Cici','2021-04-26 15:16:42','2021-04-26 15:16:42',NULL),(312,1,'2021-03-29','Feijão - Comprador Avulso',3,3,4,120.00,'V','Alexandre','2021-04-26 15:17:35','2021-04-26 15:17:35',NULL),(313,1,'2021-03-29','Feijão - Comprador Avulso',3,3,4,60.00,'V','Vagner','2021-04-26 15:17:54','2021-04-26 15:17:54',NULL),(314,1,'2021-03-29','Feijão - Comprador Avulso',3,3,4,120.00,'V','Fabia','2021-04-26 15:18:13','2021-04-26 15:18:13',NULL),(315,1,'2021-03-29','Feijão - Comprador Avulso',3,3,4,180.00,'V','Fabrica de Queijo','2021-04-26 15:18:39','2021-04-26 15:18:39',NULL),(316,1,'2021-03-29','Feijão - Comprador Avulso',3,3,4,199.92,'V','Cristiano','2021-04-26 15:19:43','2021-04-26 15:19:43',NULL),(317,1,'2021-03-29','Feijão - Comprador Avulso',3,3,4,117.60,'V','Romeu','2021-04-26 15:19:56','2021-04-26 15:19:56',NULL),(318,5,'2021-03-26','Conserto do tratos',1,7,6,250.00,'C','Observação','2021-04-26 15:24:02','2021-04-26 15:24:02',NULL),(319,5,'2021-03-26','Trabalho Henrique',1,7,6,210.00,'C','Observação','2021-04-26 15:24:45','2021-04-26 15:24:45',NULL),(320,5,'2021-03-27','Conserto Motoserra - Douglas',1,7,6,50.00,'C','Observação','2021-04-26 15:25:22','2021-04-26 15:25:22',NULL),(321,5,'2021-04-05','Prato Giratório Roçadeira',1,4,6,60.00,'C','Observação','2021-04-26 15:27:46','2021-04-26 15:35:44',NULL),(322,5,'2021-04-05','Gasolina camionete e rosadeira',1,4,6,200.00,'C','Observação','2021-04-26 15:28:25','2021-04-26 15:36:03',NULL),(323,5,'2021-04-14','Diesel e Gasolina',1,4,6,245.08,'C','Observação','2021-04-26 15:29:00','2021-04-26 15:36:29',NULL),(324,5,'2021-04-16','Formicia',1,4,6,50.00,'C','Observação','2021-04-26 15:29:40','2021-04-26 15:29:40',NULL),(325,5,'2021-04-16','Catra Reversivel',1,4,6,50.00,'C','Observação','2021-04-26 15:30:28','2021-04-26 15:30:28',NULL),(326,5,'2021-04-19','Suporte para Pia',2,5,6,239.00,'C','Observação','2021-04-26 15:31:43','2021-04-26 15:37:00',NULL),(327,5,'2021-04-19','Lixa para Daniel',2,5,6,111.30,'C','Observação','2021-04-26 15:32:10','2021-04-26 15:32:10',NULL),(328,5,'2021-04-19','Bravauto Tintas',2,5,6,120.00,'C','Observação','2021-04-26 15:32:42','2021-04-26 15:32:42',NULL),(329,5,'2021-04-19','Faca para Rocadeira',1,4,6,35.00,'C','Observação','2021-04-26 15:33:23','2021-04-26 15:33:23',NULL),(330,5,'2021-04-19','Tijolos - 250 un',2,5,6,200.00,'C','Observação','2021-04-26 15:33:54','2021-04-26 15:33:54',NULL),(331,5,'2021-04-18','Etanol Camionete',1,4,6,100.00,'C','Observação','2021-04-26 15:34:26','2021-04-26 15:34:26',NULL),(332,5,'2021-04-20','Etanol Camionete',1,4,6,100.00,'C','Observação','2021-04-26 15:34:41','2021-04-26 15:34:41',NULL),(333,1,'2021-04-21','Gastos com embalagens 8 cx',1,11,2,46.13,'C','Observação','2021-04-26 17:08:03','2021-05-26 11:13:30',NULL),(334,1,'2021-04-21','Gastos com embalagens 12 cx',1,11,3,69.20,'C','Observação','2021-04-26 17:08:29','2021-05-26 11:18:43',NULL),(335,1,'2021-04-21','Gastos com frete 8 cx',1,10,2,32.00,'C','Observação','2021-04-26 17:09:02','2021-04-26 17:10:46',NULL),(336,1,'2021-04-21','Gastos com frete 12 cx',1,10,3,84.00,'C','Observação','2021-04-26 17:09:35','2021-04-26 17:10:53',NULL),(337,1,'2020-09-15','Gotejo',1,2,2,280.00,'C','Observação','2021-04-26 17:14:52','2021-04-26 17:14:52',NULL),(338,1,'2020-09-15','Mulching  2 rolos',1,2,2,360.00,'C','Observação','2021-04-26 17:22:11','2021-04-26 17:22:11',NULL),(339,1,'2020-09-15','Trator 2 horas',1,7,2,220.00,'C','Observação','2021-04-26 17:22:49','2021-04-26 17:22:49',NULL),(340,1,'2020-09-30','Outra atividade',1,1,2,67.45,'A','Tobata','2021-04-26 17:25:17','2021-04-26 17:25:17',NULL),(341,1,'2020-09-30','Outra atividade',1,1,2,404.70,'A','Montagem de canteiros','2021-04-26 17:26:04','2021-04-26 17:26:04',NULL),(342,1,'2020-09-30','Outra atividade',1,1,2,272.70,'A','Montagem de canteiros','2021-04-26 17:26:14','2021-04-26 17:26:14',NULL),(343,1,'2020-09-30','Outra atividade',1,1,2,323.76,'A','Levantar canteiros e adubar','2021-04-26 17:27:08','2021-04-26 17:27:08',NULL),(344,1,'2020-09-30','Outra atividade',1,1,2,218.16,'A','Levantar canteiros e adubar','2021-04-26 17:27:15','2021-04-26 17:27:15',NULL),(345,1,'2020-10-31','Outra atividade',1,1,3,67.45,'A','Tobata','2021-04-26 17:30:11','2021-04-26 17:30:11',NULL),(346,1,'2020-10-31','Outra atividade',1,1,3,404.70,'A','Montagem dos canteiros','2021-04-26 17:30:56','2021-04-26 17:30:56',NULL),(347,1,'2020-10-31','Outra atividade',1,1,3,323.76,'A','Levantar dos canteiros e adubar','2021-04-26 17:31:28','2021-04-26 17:31:28',NULL),(348,1,'2020-10-31','Outra atividade',1,1,3,218.16,'A','Levantar dos canteiros e adubar','2021-04-26 17:31:38','2021-04-26 17:31:38',NULL),(349,1,'2020-10-31','Outra atividade',1,1,3,272.70,'A','Montagem de  canteiros','2021-04-26 17:32:00','2021-04-26 17:32:00',NULL),(350,1,'2020-10-15','Gotejo',1,2,3,280.00,'C','Observação','2021-04-26 17:32:55','2021-04-26 17:32:55',NULL),(351,1,'2020-10-15','Mulching  2 rolos',1,2,3,360.00,'C','Observação','2021-04-26 17:33:15','2021-04-26 17:33:15',NULL),(352,1,'2020-10-15','Trator 2 horas',1,7,3,220.00,'C','Observação','2021-04-26 17:33:41','2021-04-26 17:33:56',NULL),(353,1,'2020-09-30','81 peças 12X6',2,5,2,1944.00,'C','Observação','2021-04-26 17:39:24','2021-04-26 17:39:24',NULL),(354,1,'2020-09-30','600m  de caibro 7X4',2,5,2,1800.00,'C','Observação','2021-04-26 17:40:03','2021-04-26 17:40:03',NULL),(355,1,'2020-09-30','480m  de ripa 4x1,5',2,5,2,480.00,'C','Observação','2021-04-26 17:40:49','2021-04-26 17:40:49',NULL),(356,1,'2020-09-30','3 bobinas de plastico',2,5,2,1590.00,'C','Observação','2021-04-26 17:41:16','2021-04-26 17:41:16',NULL),(357,1,'2020-09-30','1 rolo de sombrite',2,5,2,1000.00,'C','Observação','2021-04-26 17:41:37','2021-04-26 17:41:37',NULL),(358,1,'2020-09-30','Parafusos e pregos',2,5,2,600.00,'C','Observação','2021-04-26 17:42:14','2021-04-26 17:42:14',NULL),(359,1,'2020-09-30','Arame e chapa de ferro',2,5,2,233.00,'C','Observação','2021-04-26 17:42:45','2021-04-26 17:42:45',NULL),(360,1,'2020-09-30','Mão de obra de montagem',2,5,2,3234.00,'C','Observação','2021-04-26 17:43:15','2021-04-26 17:43:15',NULL),(361,1,'2020-10-31','81 peças 12X6',2,5,3,1944.00,'C','Observação','2021-04-26 17:45:01','2021-04-26 17:45:01',NULL),(362,1,'2020-10-31','600m  de caibro 7X4',2,5,3,1800.00,'C','Observação','2021-04-26 17:45:17','2021-04-26 17:45:17',NULL),(363,1,'2020-10-31','480m  de ripa 4x1,5',2,5,3,480.00,'C','Observação','2021-04-26 17:45:38','2021-04-26 17:45:38',NULL),(364,1,'2020-10-31','3 bobinas de plastico',2,5,3,1590.00,'C','Observação','2021-04-26 17:45:55','2021-04-26 17:45:55',NULL),(365,1,'2020-10-31','1 rolo de sombrite',2,5,3,1000.00,'C','Observação','2021-04-26 17:46:09','2021-04-26 17:46:09',NULL),(366,1,'2020-10-31','Parafusos e pregos',2,5,3,600.00,'C','Observação','2021-04-26 17:46:28','2021-04-26 17:46:28',NULL),(367,1,'2020-10-31','Arame e chapa de ferro',2,5,3,233.00,'C','Observação','2021-04-26 17:47:13','2021-04-26 17:47:13',NULL),(368,1,'2020-10-31','Mão de obra de montagem',2,5,3,3234.00,'C','Observação','2021-04-26 17:47:37','2021-04-26 17:47:37',NULL),(369,6,'2021-04-07','Furiu s Fert  01 L',1,2,2,8.00,'P','...','2021-05-03 08:30:29','2021-05-03 08:30:29',NULL),(370,6,'2021-04-07','Fertiliza Patrono',1,2,2,25.80,'P','...','2021-05-03 08:31:56','2021-05-03 08:31:56',NULL),(371,6,'2021-04-07','Fertiliza Aliado',1,2,2,27.00,'P','...','2021-05-03 08:32:57','2021-05-03 08:32:57',NULL),(372,6,'2021-04-07','Avalon Sulfato de Magnesio',1,2,2,27.00,'P','...','2021-05-03 08:33:44','2021-05-03 08:33:44',NULL),(373,6,'2021-04-09','Feriliza Aminoprol',1,2,2,14.00,'P','...','2021-05-03 08:34:23','2021-05-03 08:34:23',NULL),(374,6,'2021-04-09','Sabre',1,2,2,8.00,'P','...','2021-05-03 08:38:14','2021-05-03 09:29:32','2021-05-03 09:29:32'),(375,6,'2021-04-20','Fertiliza Patrono',1,2,2,47.30,'P','...','2021-05-03 08:41:30','2021-05-03 08:42:37','2021-05-03 08:42:37'),(376,6,'2021-04-20','Fertiliza Patrono',1,2,2,21.50,'P','...','2021-05-03 08:41:55','2021-05-03 08:41:55',NULL),(377,6,'2021-04-20','Fertiliza Aliado',1,2,2,28.80,'P','...','2021-05-03 08:43:40','2021-05-03 08:43:40',NULL),(378,6,'2021-04-20','Avalon Sulfato de Magnesio',1,2,2,29.70,'P','...','2021-05-03 08:44:10','2021-05-03 08:44:10',NULL),(379,6,'2021-04-23','Feriliza Aminoprol',1,2,2,14.00,'P','...','2021-05-03 08:45:11','2021-05-03 08:45:11',NULL),(380,6,'2021-04-23','Avalon Sulfato de Magnesio',1,2,2,33.75,'P','...','2021-05-03 08:45:30','2021-05-03 08:46:08','2021-05-03 08:46:08'),(381,6,'2021-04-20','Sabre',1,2,2,8.00,'P','...','2021-05-03 08:48:23','2021-05-03 09:29:20','2021-05-03 09:29:20'),(382,6,'2021-04-13','Furiu s Fert  01 L',1,2,3,4.80,'P','...','2021-05-03 08:51:40','2021-05-03 08:51:40',NULL),(383,6,'2021-04-07','Fertiliza Patrono',1,2,3,21.50,'P','...','2021-05-03 08:52:20','2021-05-03 08:52:20',NULL),(384,6,'2021-04-07','Fertiliza Aliado',1,2,3,27.00,'P','...','2021-05-03 08:52:52','2021-05-03 08:52:52',NULL),(385,6,'2021-04-07','Avalon Sulfato de Magnesio',1,2,3,27.00,'P','...','2021-05-03 08:53:06','2021-05-03 08:53:06',NULL),(386,6,'2021-04-20','Fertiliza Patrono',1,2,3,21.50,'P','...','2021-05-03 08:54:10','2021-05-03 08:54:10',NULL),(387,6,'2021-04-20','Fertiliza Aliado',1,2,3,28.80,'P','...','2021-05-03 08:54:31','2021-05-03 08:54:31',NULL),(388,6,'2021-04-20','Avalon Sulfato de Magnesio',1,2,3,29.70,'P','...','2021-05-03 08:54:48','2021-05-03 08:54:48',NULL),(389,6,'2021-04-23','Feriliza Aminoprol',1,2,3,14.00,'P','...','2021-05-03 08:55:30','2021-05-03 08:55:30',NULL),(390,6,'2021-04-23','Sabre',1,2,3,8.00,'P','...','2021-05-03 08:56:00','2021-05-03 09:29:07','2021-05-03 09:29:07'),(391,1,'2021-04-28','Pimentão Amarelo - Benassi - André',3,3,2,382.20,'V','...','2021-05-04 19:15:05','2021-05-05 14:08:10',NULL),(392,1,'2021-04-28','Pimentão Vermelho - Benassi - André',3,3,2,318.50,'V','...','2021-05-04 19:15:21','2021-05-05 14:08:29',NULL),(393,1,'2021-04-28','Pimentão Misto - Benassi - André',3,3,2,72.80,'V','Misto pequeno','2021-05-04 19:16:19','2021-05-05 14:09:20',NULL),(394,1,'2021-04-28','Pimentão Amarelo - Benassi - André',3,3,3,630.00,'V','Misto pequeno','2021-05-04 19:16:56','2021-05-04 19:16:56',NULL),(395,1,'2021-04-28','Pimentão Vermelho - Benassi - André',3,3,3,1050.00,'V','Misto pequeno','2021-05-04 19:17:12','2021-05-04 19:17:12',NULL),(396,1,'2021-04-28','Pimentão Misto - Benassi - André',3,3,3,36.40,'V','...','2021-05-04 19:17:39','2021-05-05 14:08:52',NULL),(397,1,'2021-04-28','Pimentão Vermelho - Benassi - André',3,3,3,138.00,'V','...','2021-05-04 19:18:04','2021-05-04 19:18:04',NULL),(398,1,'2021-05-05','Pimentão Amarelo - Benassi - André',3,3,2,573.30,'V','...','2021-05-04 19:21:09','2021-05-05 14:04:51',NULL),(399,1,'2021-05-05','Pimentão Vermelho - Benassi - André',3,3,2,573.30,'V','...','2021-05-04 19:21:34','2021-05-05 14:05:20',NULL),(400,1,'2021-05-05','Pimentão Vermelho Médio - Benassi - André',3,3,2,40.95,'V','...','2021-05-04 19:22:10','2021-05-05 14:05:43',NULL),(401,1,'2021-05-05','Pimentão Misto - Benassi - André',3,3,2,40.95,'V','Misto medio','2021-05-04 19:22:53','2021-05-05 14:06:08',NULL),(402,1,'2021-05-05','Pimentão Amarelo - Benassi - André',3,3,3,1883.70,'V','...','2021-05-04 19:23:14','2021-05-05 14:06:35',NULL),(403,1,'2021-05-05','Pimentão Vermelho - Benassi - André',3,3,3,2293.20,'V','...','2021-05-04 19:23:32','2021-05-05 14:06:52',NULL),(404,1,'2021-05-05','Pimentão Misto - Benassi - André',3,3,3,40.95,'V','Misto pequeno','2021-05-04 19:23:58','2021-05-05 14:07:11',NULL),(405,1,'2021-05-05','Pimentão Verde - Benassi - André',3,3,3,81.90,'V','...','2021-05-04 19:24:14','2021-05-05 14:07:39',NULL),(406,1,'2020-09-08','Semente  Pimentão Amarelo Camaro  - 1 pc = 1000 sem',1,2,2,930.00,'P','...','2021-05-04 19:26:21','2021-05-04 19:28:16',NULL),(407,1,'2020-10-21','Semente  Pimentão Amarelo Camaro  - 1 pc = 1000 sem',1,2,3,930.00,'P','...','2021-05-04 19:26:43','2021-05-04 19:28:42',NULL),(408,1,'2020-09-08','Semente Pimentão Vermelho Taurus  - 1 pc = 1000 sem',1,2,2,930.00,'P','...','2021-05-04 19:29:46','2021-05-04 19:29:46',NULL),(409,1,'2020-10-21','Semente Pimentão Vermelho Taurus  - 1 pc = 1000 sem',1,2,3,930.00,'P','...','2021-05-04 19:30:25','2021-05-04 19:30:25',NULL),(410,1,'2021-05-04','Terceiro ponto do trator',2,4,6,360.00,'C','Observação','2021-05-04 19:35:59','2021-05-04 19:35:59',NULL),(411,1,'2021-04-01','Pulverização',1,1,2,13.49,'A','...','2021-05-21 09:45:41','2021-05-21 09:45:41',NULL),(412,1,'2021-04-01','Pulverização',1,1,2,9.17,'A','...','2021-05-21 09:45:51','2021-05-21 09:45:51',NULL),(413,1,'2021-04-05','Colheita',1,1,2,67.45,'A','...','2021-05-21 09:46:28','2021-05-21 09:50:52',NULL),(414,1,'2021-04-06','Pulverização',1,1,2,13.49,'A','...','2021-05-21 09:46:41','2021-05-21 09:49:37',NULL),(415,1,'2021-04-06','Pulverização',1,1,2,13.49,'A','...','2021-05-21 09:51:46','2021-05-21 09:51:46',NULL),(416,1,'2021-04-07','Pulverização',1,1,2,13.49,'A','...','2021-05-21 09:52:13','2021-05-21 09:52:13',NULL),(417,1,'2021-04-07','Pulverização',1,1,2,9.17,'A','...','2021-05-21 09:52:19','2021-05-21 09:52:19',NULL),(418,1,'2021-04-08','Pulverização',1,1,2,9.17,'A','...','2021-05-21 09:53:08','2021-05-21 09:53:08',NULL),(419,1,'2021-04-08','Pulverização',1,1,2,13.49,'A','...','2021-05-21 09:53:15','2021-05-21 09:53:15',NULL),(420,1,'2021-04-09','Pulverização',1,1,2,13.49,'A','...','2021-05-21 09:53:30','2021-05-21 09:53:30',NULL),(421,1,'2021-04-09','Pulverização',1,1,2,9.17,'A','...','2021-05-21 09:53:41','2021-05-21 09:53:41',NULL),(422,1,'2021-04-09','Pulverização',1,1,2,13.49,'A','...','2021-05-21 09:54:22','2021-05-21 09:54:22',NULL),(423,1,'2021-04-12','Colheita',1,1,2,26.98,'A','...','2021-05-21 09:55:17','2021-05-21 09:55:17',NULL),(424,1,'2021-04-12','Colheita',1,1,2,18.34,'A','...','2021-05-21 09:56:00','2021-05-21 09:56:00',NULL),(425,1,'2021-04-12','Embalamento',1,1,2,26.98,'A','...','2021-05-21 10:11:47','2021-05-21 10:11:47',NULL),(426,1,'2021-04-12','Embalamento',1,1,2,18.34,'A','...','2021-05-21 10:12:03','2021-05-21 10:12:03',NULL),(427,1,'2021-04-12','Pulverização',1,1,2,13.49,'A','...','2021-05-21 10:12:30','2021-05-21 10:12:30',NULL),(428,1,'2021-04-12','Pulverização',1,1,2,9.17,'A','...','2021-05-21 10:12:36','2021-05-21 10:12:36',NULL),(429,1,'2021-04-13','Pulverização',1,1,2,9.17,'A','...','2021-05-21 10:12:57','2021-05-21 10:12:57',NULL),(430,1,'2021-04-13','Pulverização',1,1,2,13.49,'A','...','2021-05-21 10:13:04','2021-05-21 10:13:04',NULL),(431,1,'2021-04-14','Pulverização',1,1,2,13.49,'A','...','2021-05-21 10:13:30','2021-05-21 10:13:30',NULL),(432,1,'2021-04-14','Pulverização',1,1,2,9.17,'A','...','2021-05-21 10:13:36','2021-05-21 10:13:36',NULL),(433,1,'2021-04-15','Pulverização',1,1,2,9.17,'A','...','2021-05-21 10:13:59','2021-05-21 10:13:59',NULL),(434,1,'2021-04-15','Pulverização',1,1,2,13.49,'A','...','2021-05-21 10:14:04','2021-05-21 10:14:04',NULL),(435,1,'2021-04-16','Pulverização',1,1,2,13.49,'A','...','2021-05-21 10:14:29','2021-05-21 10:14:29',NULL),(436,1,'2021-04-16','Pulverização',1,1,2,9.17,'A','...','2021-05-21 10:14:35','2021-05-21 10:14:35',NULL),(437,1,'2021-04-19','Pulverização',1,1,2,9.17,'A','...','2021-05-21 10:14:57','2021-05-21 10:14:57',NULL),(438,1,'2021-04-19','Pulverização',1,1,2,13.49,'A','...','2021-05-21 10:15:03','2021-05-21 10:15:03',NULL),(439,1,'2021-04-19','Colheita',1,1,2,13.49,'A','...','2021-05-21 10:15:47','2021-05-21 10:15:47',NULL),(440,1,'2021-04-19','Colheita',1,1,2,9.17,'A','...','2021-05-21 10:15:53','2021-05-21 10:15:53',NULL),(441,1,'2021-04-19','Embalamento',1,1,2,9.17,'A','...','2021-05-21 10:16:21','2021-05-21 10:16:21',NULL),(442,1,'2021-04-19','Embalamento',1,1,2,13.49,'A','...','2021-05-21 10:16:33','2021-05-21 10:16:33',NULL),(443,1,'2021-04-20','Pulverização',1,1,2,6.07,'A','...','2021-05-21 10:16:52','2021-05-21 10:17:32',NULL),(444,1,'2021-04-20','Pulverização',1,1,2,4.13,'A','...','2021-05-21 10:17:06','2021-05-21 10:17:46',NULL),(445,1,'2021-04-22','Pulverização',1,1,2,13.49,'A','...','2021-05-21 10:18:52','2021-05-21 10:18:52',NULL),(446,1,'2021-04-22','Pulverização',1,1,2,9.17,'A','...','2021-05-21 10:19:12','2021-05-21 10:19:12',NULL),(447,1,'2021-04-23','Pulverização',1,1,2,13.49,'A','...','2021-05-21 10:20:16','2021-05-21 10:20:16',NULL),(448,1,'2021-04-23','Pulverização',1,1,2,9.17,'A','...','2021-05-21 10:20:26','2021-05-21 10:20:26',NULL),(449,1,'2021-04-26','Pulverização',1,1,2,18.34,'A','...','2021-05-21 10:20:56','2021-05-21 10:20:56',NULL),(450,1,'2021-04-26','Pulverização',1,1,2,26.98,'A','...','2021-05-21 10:21:08','2021-05-21 10:21:08',NULL),(451,1,'2021-04-26','Embalamento',1,1,2,9.09,'A','...','2021-05-21 10:21:55','2021-05-21 10:24:04',NULL),(452,1,'2021-04-26','Embalamento',1,1,2,9.17,'A','...','2021-05-21 10:25:22','2021-05-21 10:25:37',NULL),(453,1,'2021-04-26','Pulverização',1,1,2,9.09,'A','...','2021-05-21 10:26:30','2021-05-21 10:26:30',NULL),(454,1,'2021-04-26','Pulverização',1,1,2,9.17,'A','...','2021-05-21 10:26:37','2021-05-21 10:26:37',NULL),(455,1,'2021-04-27','Pulverização',1,1,2,9.17,'A','...','2021-05-21 10:27:12','2021-05-21 10:27:12',NULL),(456,1,'2021-04-27','Pulverização',1,1,2,13.49,'A','...','2021-05-21 10:27:21','2021-05-21 10:27:21',NULL),(457,1,'2021-04-29','Pulverização',1,1,2,9.09,'A','...','2021-05-21 10:27:56','2021-05-21 10:27:56',NULL),(458,1,'2021-04-29','Pulverização',1,1,2,9.17,'A','...','2021-05-21 10:28:01','2021-05-21 10:28:01',NULL),(459,1,'2021-04-30','Pulverização',1,1,2,9.17,'A','...','2021-05-21 10:28:30','2021-05-21 10:28:30',NULL),(460,1,'2021-04-30','Pulverização',1,1,2,9.09,'A','...','2021-05-21 10:28:37','2021-05-21 10:28:37',NULL),(461,1,'2021-05-03','Colheita',1,1,2,26.98,'A','...','2021-05-21 10:29:18','2021-05-21 10:30:31',NULL),(462,1,'2021-05-03','Colheita',1,1,2,18.34,'A','...','2021-05-21 10:29:23','2021-05-21 10:30:42',NULL),(463,1,'2021-05-03','Embalamento',1,1,2,26.98,'A','...','2021-05-21 10:31:21','2021-05-21 10:31:21',NULL),(464,1,'2021-05-03','Embalamento',1,1,2,18.34,'A','...','2021-05-21 10:31:29','2021-05-21 10:31:29',NULL),(465,1,'2021-05-03','Pulverização',1,1,2,9.17,'A','...','2021-05-21 10:31:37','2021-05-21 10:31:37',NULL),(466,1,'2021-05-03','Pulverização',1,1,2,13.49,'A','...','2021-05-21 10:31:43','2021-05-21 10:31:43',NULL),(467,1,'2021-05-05','Ranger',1,2,3,20.00,'P','...','2021-05-21 10:38:03','2021-05-21 10:40:51',NULL),(468,1,'2021-05-07','Sulflur',1,2,3,18.00,'P','...','2021-05-21 10:38:30','2021-05-21 10:39:50',NULL),(469,1,'2021-05-12','Feriliza Aminoprol',1,2,3,14.00,'P','...','2021-05-21 10:39:34','2021-05-21 10:39:34',NULL),(470,1,'2021-05-12','Bioflor',1,2,3,11.00,'P','...','2021-05-21 10:41:29','2021-05-21 10:41:29',NULL),(471,1,'2021-05-12','Alga Plus',1,2,3,8.00,'P','...','2021-05-21 10:41:44','2021-05-21 10:41:44',NULL),(472,1,'2021-05-13','Ranger',1,2,3,48.00,'P','...','2021-05-21 10:42:04','2021-05-21 10:42:04',NULL),(473,1,'2021-05-05','Ranger',1,2,2,24.00,'P','...','2021-05-21 10:43:34','2021-05-21 10:43:34',NULL),(474,1,'2021-05-07','Feriliza Aminoprol',1,2,2,21.00,'P','...','2021-05-21 10:44:02','2021-05-21 10:44:02',NULL),(475,1,'2021-05-07','Bioflor',1,2,2,22.00,'P','...','2021-05-21 10:44:39','2021-05-21 10:44:39',NULL),(476,1,'2021-05-11','Sulflur',1,2,2,18.60,'P','...','2021-05-21 10:45:23','2021-05-21 10:45:23',NULL),(477,1,'2021-05-13','Ranger',1,2,2,16.00,'P','...','2021-05-21 10:45:48','2021-05-21 10:45:48',NULL),(478,1,'2021-04-27','Sulflur',1,2,3,18.30,'P','...','2021-05-21 10:47:10','2021-05-21 10:47:10',NULL),(479,1,'2021-04-27','Sulflur',1,2,2,18.00,'P','...','2021-05-21 10:48:17','2021-05-21 10:48:17',NULL),(480,1,'2021-04-29','Ranger',1,2,2,8.80,'P','...','2021-05-21 10:48:49','2021-05-21 10:48:49',NULL),(481,1,'2021-05-17','Pimentão Amarelo - Benassi - André',3,3,2,887.25,'V','...','2021-05-21 11:02:31','2021-05-21 11:09:48',NULL),(482,1,'2021-05-17','Pimentão Vermelho - Benassi - André',3,3,2,1123.85,'V','...','2021-05-21 11:03:21','2021-05-21 11:10:05',NULL),(483,1,'2021-05-17','Pimentão Amarelo Médio - Benassi - André',3,3,2,36.40,'V','...','2021-05-21 11:03:53','2021-05-21 11:10:27',NULL),(484,1,'2021-05-17','Pimentão Vermelho Médio - Benassi - André',3,3,2,36.40,'V','...','2021-05-21 11:04:07','2021-05-21 11:10:44',NULL),(485,1,'2021-05-17','Pimentão Amarelo - Benassi - André',3,3,3,946.40,'V','...','2021-05-21 11:04:35','2021-05-21 11:13:14',NULL),(486,1,'2021-05-17','Pimentão Vermelho - Benassi - André',3,3,3,1360.45,'V','...','2021-05-21 11:04:52','2021-05-21 11:13:33',NULL),(487,1,'2021-05-17','Pimentão Amarelo Médio - Benassi - André',3,3,3,36.40,'V','...','2021-05-21 11:05:06','2021-05-21 11:14:03',NULL),(488,1,'2021-05-17','Pimentão Vermelho Médio - Benassi - André',3,3,3,36.40,'V','...','2021-05-21 11:05:11','2021-05-21 11:14:16',NULL),(489,1,'2021-05-17','Pimentão Verde - Benassi - André',3,3,3,167.44,'V','...','2021-05-21 11:05:27','2021-05-21 11:12:57',NULL),(490,1,'2021-05-11','Pimentão Amarelo - Benassi - André',3,3,2,773.50,'V','...','2021-05-21 11:06:01','2021-05-21 11:12:33',NULL),(491,1,'2021-05-11','Pimentão Vermelho - Benassi - André',3,3,2,1005.55,'V','...','2021-05-21 11:06:10','2021-05-21 11:12:17',NULL),(492,1,'2021-05-11','Pimentão Vermelho Médio - Benassi - André',3,3,2,54.60,'V','...','2021-05-21 11:06:30','2021-05-21 11:12:01',NULL),(493,1,'2021-05-11','Pimentão Amarelo Médio - Benassi - André',3,3,2,54.60,'V','...','2021-05-21 11:06:35','2021-05-21 11:11:48',NULL),(494,1,'2021-05-11','Pimentão Amarelo - Benassi - André',3,3,3,1933.75,'V','...','2021-05-21 11:07:06','2021-05-21 11:11:37',NULL),(495,1,'2021-05-11','Pimentão Vermelho - Benassi - André',3,3,3,2475.20,'V','...','2021-05-21 11:07:26','2021-05-21 11:11:22',NULL),(496,1,'2021-05-11','Pimentão Verde - Benassi - André',3,3,3,159.25,'V','...','2021-05-21 11:07:46','2021-05-21 11:11:11',NULL),(497,1,'2021-05-11','Pimentão Misto - Benassi - André',3,3,3,77.35,'V','...','2021-05-21 11:08:00','2021-05-21 11:10:58',NULL),(498,1,'2021-03-17','Sementes 1000 Pim vm e 1000 Pim Am',1,2,1,2100.00,'P','Observação','2021-05-22 07:34:22','2021-05-23 23:10:26',NULL),(499,1,'2021-05-06','Kamara - Mudas Fulgor 956 Am e Campero 961 vm',1,2,1,143.00,'P','Observação','2021-05-22 07:36:25','2021-05-23 23:12:56',NULL),(500,1,'2021-05-05','Mulching  2 rolos',1,2,1,300.00,'P','Observação','2021-05-22 07:36:33','2021-05-23 23:16:33',NULL),(503,8,'2021-05-22','Bioflor',1,2,2,1.21,'P','...','2021-05-22 09:14:46','2021-05-22 09:16:28','2021-05-22 09:16:28'),(504,1,'2021-04-28','Gastos com embalagens 13 cx',1,11,2,74.97,'C','Observação','2021-05-23 22:54:32','2021-05-26 11:13:53',NULL),(505,1,'2021-04-28','Gastos com embalagens 31 cx',1,11,3,178.77,'C','Observação','2021-05-23 22:55:11','2021-05-26 11:19:04',NULL),(506,1,'2021-05-05','Gastos com embalagens 16 cx',1,11,2,92.27,'C','Observação','2021-05-23 22:55:48','2021-05-26 11:14:31',NULL),(507,1,'2021-05-05','Gastos com embalagens 58 cx',1,11,3,334.47,'C','Observação','2021-05-23 22:56:21','2021-05-26 11:19:35',NULL),(508,1,'2021-05-11','Gastos com embalagens 25 cx',1,11,2,144.17,'C','Observação','2021-05-23 22:57:03','2021-05-26 11:14:47',NULL),(509,1,'2021-05-11','Gastos com embalagens 65 cx',1,11,3,374.83,'C','Observação','2021-05-23 22:58:12','2021-05-26 11:20:16',NULL),(510,1,'2021-05-18','Gastos com embalagens 36 cx',1,11,2,207.60,'C','Observação','2021-05-23 22:59:17','2021-05-26 11:15:05',NULL),(511,1,'2021-05-18','Gastos com embalagens 49 cx',1,11,3,282.57,'C','Observação','2021-05-23 22:59:52','2021-05-26 11:20:43',NULL),(512,1,'2021-04-28','Frete de produtos vendidos',1,10,2,39.00,'C','Observação','2021-05-23 23:00:59','2021-05-23 23:06:11',NULL),(513,1,'2021-04-28','Frete  de produtos vendidos',1,10,3,93.00,'C','Observação','2021-05-23 23:01:16','2021-05-23 23:06:02',NULL),(514,1,'2021-05-05','Frete de produtos vendidos',1,10,2,48.00,'C','Observação','2021-05-23 23:01:59','2021-05-23 23:01:59',NULL),(515,1,'2021-05-05','Frete de produtos vendidos',1,10,3,174.00,'C','Observação','2021-05-23 23:02:12','2021-05-23 23:02:12',NULL),(516,1,'2021-05-11','Frete de produtos vendidos',1,10,2,75.00,'C','Observação','2021-05-23 23:02:51','2021-05-23 23:02:51',NULL),(517,1,'2021-05-11','Frete de produtos vendidos',1,10,3,195.00,'C','Observação','2021-05-23 23:03:11','2021-05-23 23:03:11',NULL),(518,1,'2021-05-18','Frete de produtos vendidos',1,10,2,108.00,'C','Observação','2021-05-23 23:03:33','2021-05-23 23:03:33',NULL),(519,1,'2021-05-18','Frete de produtos vendidos',1,10,3,147.00,'C','Observação','2021-05-23 23:03:48','2021-05-23 23:03:48',NULL),(520,1,'2021-05-14','Actara 250 WILL GARDNER',1,2,4,41.82,'P','ssss','2021-05-23 23:31:09','2021-05-23 23:31:09',NULL),(521,1,'2021-05-04','Orkestra SC',1,2,3,20.00,'P','Teste de aplicação de insumo - não é real','2021-05-23 23:54:32','2021-05-23 23:54:32',NULL),(522,1,'2021-04-22','Outra atividade',1,1,7,80.94,'A','Aração da área','2021-05-24 07:56:42','2021-05-24 07:56:42',NULL),(523,1,'2021-05-11','Ferragens para estufa - verf se tem vl estufa 5',2,2,7,2324.20,'C','Observação','2021-05-24 08:34:15','2021-05-24 08:34:15',NULL),(524,1,'2021-05-12','Ripas - verificar se tem vl estufa 5',2,2,7,675.00,'C','Observação','2021-05-24 08:35:12','2021-05-24 08:35:12',NULL),(525,1,'2021-05-12','Parafusos e pregos',2,2,7,67.20,'C','Observação','2021-05-24 08:36:00','2021-05-24 08:36:00',NULL),(526,1,'2021-05-14','Construção, primeira parte',2,7,7,2500.00,'C','Observação','2021-05-24 08:53:09','2021-05-24 08:53:09',NULL),(527,1,'2021-05-14','Construção, primeira parte',2,7,8,2500.00,'C','Observação','2021-05-24 08:53:16','2021-05-24 08:53:16',NULL),(528,1,'2021-05-10','Pg serrar caibros e peças Cristiano',2,7,7,2100.00,'C','Observação','2021-05-24 08:57:34','2021-05-24 08:57:34',NULL),(529,1,'2021-05-10','Pg serrar caibros e peças Cristiano',2,7,8,2100.00,'C','Observação','2021-05-24 08:57:41','2021-05-24 08:57:41',NULL),(530,1,'2021-05-05','Plastico branco 3 rolos 1140 cada',2,2,7,3420.00,'C','Observação','2021-05-24 09:01:27','2021-05-26 11:59:03',NULL),(531,1,'2021-05-05','Plastico branco 3 rolos 1140 cada Confirmar qdo terminar',2,2,8,3420.00,'C','Observação','2021-05-24 09:01:34','2021-05-26 11:59:57',NULL),(532,1,'2021-05-22','Aração Dede 2hr',2,3,7,260.00,'C','Observação','2021-05-24 09:05:13','2021-05-24 09:05:13',NULL),(533,1,'2021-05-22','Aração Dede 2hr',2,3,8,260.00,'C','Observação','2021-05-24 09:05:21','2021-05-24 09:05:21',NULL),(534,1,'2021-04-22','Outra atividade',1,1,1,80.94,'A','...','2021-05-24 09:08:23','2021-05-24 09:08:23',NULL),(535,1,'2021-04-22','Outra atividade',1,1,1,55.02,'A','...','2021-05-24 09:08:31','2021-05-24 09:08:31',NULL),(536,1,'2021-04-23','Outra atividade',1,1,1,27.51,'A','...','2021-05-24 09:08:47','2021-05-24 09:08:47',NULL),(537,1,'2021-04-23','Outra atividade',1,1,1,40.47,'A','...','2021-05-24 09:08:58','2021-05-24 09:08:58',NULL),(538,1,'2021-04-26','Outra atividade',1,1,1,67.45,'A','...','2021-05-24 09:09:29','2021-05-24 09:09:56',NULL),(539,1,'2021-04-27','Outra atividade',1,1,1,53.96,'A','...','2021-05-24 09:10:35','2021-05-24 09:11:02',NULL),(540,1,'2021-05-10','Ferro chato e aram',2,2,7,332.50,'C','Observação','2021-05-24 09:10:40','2021-05-24 09:10:40',NULL),(541,1,'2021-05-12','Pregos',2,2,7,34.00,'C','Observação','2021-05-24 09:11:31','2021-05-24 09:11:31',NULL),(542,1,'2021-04-28','Outra atividade',1,1,1,72.72,'A','...','2021-05-24 09:12:01','2021-05-24 09:13:41',NULL),(543,1,'2021-04-28','Outra atividade',1,1,1,73.36,'A','...','2021-05-24 09:12:09','2021-05-24 09:13:11',NULL),(544,1,'2021-05-13','Virar as Chapas',2,7,7,50.00,'C','Observação','2021-05-24 09:12:20','2021-05-24 09:12:20',NULL),(545,1,'2021-05-08','Feijão - Comprador Avulso',3,3,4,60.00,'V','...','2021-05-24 09:14:12','2021-05-24 09:14:12',NULL),(546,1,'2021-04-29','Outra atividade',1,1,1,54.54,'A','...','2021-05-24 09:14:18','2021-05-24 09:14:18',NULL),(547,1,'2021-04-29','Outra atividade',1,1,1,55.02,'A','...','2021-05-24 09:14:25','2021-05-24 09:14:25',NULL),(548,1,'2021-04-30','Outra atividade',1,1,1,55.02,'A','...','2021-05-24 09:14:44','2021-05-24 09:14:44',NULL),(549,1,'2021-04-30','Outra atividade',1,1,1,54.54,'A','...','2021-05-24 09:14:50','2021-05-24 09:14:50',NULL),(550,1,'2021-04-30','Outra atividade',1,1,1,80.94,'A','...','2021-05-24 09:15:13','2021-05-24 09:15:13',NULL),(551,1,'2021-05-10','Feijão - Comprador Avulso',3,3,4,210.00,'V','Jair','2021-05-24 09:15:15','2021-05-24 09:15:15',NULL),(552,1,'2021-05-15','Feijão - Comprador Avulso',3,3,4,180.00,'V','Adelmo','2021-05-24 09:15:47','2021-05-24 09:15:47',NULL),(553,1,'2021-05-04','Outra atividade',1,1,1,107.92,'A','...','2021-05-24 09:15:48','2021-05-24 09:15:48',NULL),(554,1,'2021-05-04','Outra atividade',1,1,1,73.36,'A','...','2021-05-24 09:15:58','2021-05-24 09:15:58',NULL),(555,1,'2021-05-15','Feijão - Junior',3,3,4,300.00,'V','...','2021-05-24 09:16:19','2021-05-24 09:16:19',NULL),(556,1,'2021-05-05','Outra atividade',1,1,1,55.02,'A','...','2021-05-24 09:16:29','2021-05-24 09:16:29',NULL),(557,1,'2021-05-05','Outra atividade',1,1,1,80.94,'A','...','2021-05-24 09:16:38','2021-05-24 09:16:38',NULL),(558,1,'2021-05-05','Outra atividade',1,1,1,54.54,'A','...','2021-05-24 09:17:02','2021-05-24 09:17:02',NULL),(559,1,'2021-05-06','Outra atividade',1,1,1,64.19,'A','...','2021-05-24 09:17:54','2021-05-24 09:17:54',NULL),(560,1,'2021-05-06','Outra atividade',1,1,1,94.43,'A','...','2021-05-24 09:18:04','2021-05-24 09:18:04',NULL),(561,1,'2021-04-01','Fitamento',1,1,3,40.47,'A','...','2021-05-24 09:19:22','2021-05-24 09:19:22',NULL),(562,1,'2021-04-01','Fitamento',1,1,3,27.51,'A','...','2021-05-24 09:19:29','2021-05-24 09:19:29',NULL),(563,1,'2021-04-01','Pulverização',1,1,3,13.49,'A','...','2021-05-24 09:20:07','2021-05-24 09:20:07',NULL),(564,1,'2021-04-01','Pulverização',1,1,3,9.17,'A','...','2021-05-24 09:20:12','2021-05-24 09:20:12',NULL),(565,1,'2021-04-05','Colheita',1,1,3,53.96,'A','...','2021-05-24 09:21:03','2021-05-24 09:21:03',NULL),(566,1,'2021-04-05','Colheita',1,1,3,36.68,'A','...','2021-05-24 09:21:10','2021-05-24 09:21:10',NULL),(567,1,'2021-04-06','Pulverização',1,1,3,9.17,'A','...','2021-05-24 09:21:42','2021-05-24 09:21:42',NULL),(568,1,'2021-04-06','Pulverização',1,1,3,13.49,'A','...','2021-05-24 09:21:48','2021-05-24 09:21:48',NULL),(569,1,'2021-04-07','Colheita',1,1,3,13.49,'A','...','2021-05-24 09:22:18','2021-05-24 09:22:18',NULL),(570,1,'2021-04-07','Colheita',1,1,3,9.17,'A','...','2021-05-24 09:22:32','2021-05-24 09:22:32',NULL),(571,1,'2021-04-08','Pulverização',1,1,3,9.17,'A','...','2021-05-24 09:22:56','2021-05-24 09:22:56',NULL),(572,1,'2021-04-08','Pulverização',1,1,3,13.49,'A','...','2021-05-24 09:23:09','2021-05-24 09:23:09',NULL),(573,1,'2021-04-09','Pulverização',1,1,3,13.49,'A','...','2021-05-24 09:23:40','2021-05-24 09:23:40',NULL),(574,1,'2021-04-09','Pulverização',1,1,3,9.17,'A','...','2021-05-24 09:23:46','2021-05-24 09:23:46',NULL),(575,1,'2021-04-12','Colheita',1,1,3,26.98,'A','...','2021-05-24 09:24:19','2021-05-24 09:24:19',NULL),(576,1,'2021-04-12','Colheita',1,1,3,18.34,'A','...','2021-05-24 09:24:26','2021-05-24 09:24:26',NULL),(577,1,'2021-04-12','Embalamento',1,1,3,18.34,'A','...','2021-05-24 09:25:01','2021-05-24 09:25:01',NULL),(578,1,'2021-04-12','Embalamento',1,1,3,26.98,'A','...','2021-05-24 09:25:09','2021-05-24 09:25:09',NULL),(579,1,'2021-04-12','Pulverização',1,1,3,13.49,'A','...','2021-05-24 09:25:37','2021-05-24 09:25:37',NULL),(580,1,'2021-04-12','Pulverização',1,1,3,9.17,'A','...','2021-05-24 09:25:42','2021-05-24 09:25:42',NULL),(581,1,'2021-04-13','Pulverização',1,1,3,9.17,'A','...','2021-05-24 09:25:57','2021-05-24 09:25:57',NULL),(582,1,'2021-04-13','Pulverização',1,1,3,13.49,'A','...','2021-05-24 09:26:05','2021-05-24 09:26:05',NULL),(583,1,'2021-04-14','Pulverização',1,1,3,13.49,'A','...','2021-05-24 09:26:29','2021-05-24 09:26:29',NULL),(584,1,'2021-04-14','Pulverização',1,1,3,9.17,'A','...','2021-05-24 09:26:35','2021-05-24 09:26:35',NULL),(585,1,'2021-04-14','Fitamento',1,1,3,18.34,'A','...','2021-05-24 09:27:01','2021-05-24 09:27:01',NULL),(586,1,'2021-04-14','Fitamento',1,1,3,26.98,'A','...','2021-05-24 09:27:06','2021-05-24 09:27:06',NULL),(587,1,'2021-04-15','Pulverização',1,1,3,13.49,'A','...','2021-05-24 09:27:29','2021-05-24 09:27:29',NULL),(588,1,'2021-04-15','Pulverização',1,1,3,9.17,'A','...','2021-05-24 09:27:34','2021-05-24 09:27:34',NULL),(589,1,'2021-04-16','Pulverização',1,1,3,9.17,'A','...','2021-05-24 09:27:55','2021-05-24 09:27:55',NULL),(590,1,'2021-04-16','Pulverização',1,1,3,13.49,'A','...','2021-05-24 09:28:00','2021-05-24 09:28:00',NULL),(591,1,'2021-04-19','Colheita',1,1,3,13.49,'A','...','2021-05-24 09:28:34','2021-05-24 09:28:34',NULL),(592,1,'2021-04-19','Colheita',1,1,3,9.17,'A','...','2021-05-24 09:28:44','2021-05-24 09:28:44',NULL),(593,1,'2021-04-19','Embalamento',1,1,3,9.17,'A','...','2021-05-24 09:29:14','2021-05-24 09:29:14',NULL),(594,1,'2021-04-19','Embalamento',1,1,3,13.49,'A','...','2021-05-24 09:29:24','2021-05-24 09:29:24',NULL),(595,1,'2021-04-19','Pulverização',1,1,3,13.49,'A','...','2021-05-24 09:29:44','2021-05-24 09:29:44',NULL),(596,1,'2021-04-19','Pulverização',1,1,3,9.17,'A','...','2021-05-24 09:29:49','2021-05-24 09:29:49',NULL),(597,1,'2021-04-20','Pulverização',1,1,3,6.07,'A','...','2021-05-24 09:30:25','2021-05-24 09:30:25',NULL),(598,1,'2021-04-20','Pulverização',1,1,3,4.13,'A','...','2021-05-24 09:30:34','2021-05-24 09:30:34',NULL),(599,1,'2021-04-22','Pulverização',1,1,3,9.17,'A','...','2021-05-24 09:30:54','2021-05-24 09:32:22',NULL),(600,1,'2021-04-22','Pulverização',1,1,3,13.49,'A','...','2021-05-24 09:30:59','2021-05-24 09:32:51',NULL),(601,1,'2021-04-23','Pulverização',1,1,3,13.49,'A','...','2021-05-24 09:33:41','2021-05-24 09:33:41',NULL),(602,1,'2021-04-23','Pulverização',1,1,3,9.17,'A','...','2021-05-24 09:33:51','2021-05-24 09:33:51',NULL),(603,1,'2021-04-26','Colheita',1,1,3,27.27,'A','...','2021-05-24 09:34:28','2021-05-24 09:34:28',NULL),(604,1,'2021-04-26','Colheita',1,1,3,27.51,'A','...','2021-05-24 09:34:36','2021-05-24 09:34:36',NULL),(605,1,'2021-04-26','Embalamento',1,1,3,9.09,'A','...','2021-05-24 09:35:17','2021-05-24 09:35:17',NULL),(606,1,'2021-04-26','Embalamento',1,1,3,9.17,'A','...','2021-05-24 09:35:26','2021-05-24 09:35:26',NULL),(607,1,'2021-04-26','Pulverização',1,1,3,9.17,'A','...','2021-05-24 09:35:56','2021-05-24 09:35:56',NULL),(608,1,'2021-04-26','Pulverização',1,1,3,9.09,'A','...','2021-05-24 09:36:01','2021-05-24 09:36:01',NULL),(609,1,'2021-04-27','Pulverização',1,1,3,13.49,'A','...','2021-05-24 09:37:02','2021-05-24 09:37:02',NULL),(610,1,'2021-04-27','Pulverização',1,1,3,9.17,'A','...','2021-05-24 09:37:12','2021-05-24 09:37:12',NULL),(611,1,'2021-04-29','Pulverização',1,1,3,9.17,'A','...','2021-05-24 09:37:38','2021-05-24 09:37:38',NULL),(612,1,'2021-04-29','Pulverização',1,1,3,9.09,'A','...','2021-05-24 09:37:47','2021-05-24 09:37:47',NULL),(613,1,'2021-04-30','Pulverização',1,1,3,13.49,'A','...','2021-05-24 09:38:06','2021-05-24 09:38:06',NULL),(614,1,'2021-04-30','Pulverização',1,1,3,9.17,'A','...','2021-05-24 09:38:15','2021-05-24 09:38:15',NULL),(615,1,'2021-05-03','Colheita',1,1,3,18.34,'A','...','2021-05-24 09:38:44','2021-05-24 09:41:31',NULL),(616,1,'2021-05-03','Colheita',1,1,3,26.98,'A','...','2021-05-24 09:38:54','2021-05-24 09:41:18',NULL),(617,1,'2021-05-03','Embalamento',1,1,3,13.49,'A','...','2021-05-24 09:40:35','2021-05-24 09:40:35',NULL),(618,1,'2021-05-03','Embalamento',1,1,3,9.17,'A','...','2021-05-24 09:40:42','2021-05-24 09:40:42',NULL),(619,1,'2021-05-03','Pulverização',1,1,3,9.17,'A','...','2021-05-24 09:40:56','2021-05-24 09:40:56',NULL),(620,1,'2021-05-03','Pulverização',1,1,3,13.49,'A','...','2021-05-24 09:41:01','2021-05-24 09:41:01',NULL),(621,1,'2021-05-25','Pimentão Amarelo - Benassi - André',3,3,2,573.30,'V','...','2021-05-25 09:46:29','2021-05-30 17:14:03',NULL),(622,1,'2021-05-25','Pimentão Vermelho - Benassi - André',3,3,2,1146.60,'V','...','2021-05-25 09:46:49','2021-05-30 17:14:30',NULL),(623,1,'2021-05-25','Pimentão Misto - Benassi - André',3,3,2,127.40,'V','...','2021-05-25 09:47:07','2021-05-30 17:14:53',NULL),(624,1,'2021-05-25','Pimentão Vermelho Médio - Benassi - André',3,3,2,31.85,'V','...','2021-05-25 09:47:22','2021-05-30 17:15:23',NULL),(625,1,'2021-05-25','Pimentão Vermelho - Benassi - André',3,3,3,1146.60,'V','...','2021-05-25 09:47:48','2021-05-30 17:16:32',NULL),(626,1,'2021-05-25','Pimentão Amarelo - Benassi - André',3,3,3,1082.90,'V','...','2021-05-25 09:48:10','2021-05-30 17:16:53',NULL),(627,1,'2021-05-25','Pimentão Amarelo Médio - Benassi - André',3,3,3,31.85,'V','...','2021-05-25 09:48:28','2021-05-30 17:17:13',NULL),(628,1,'2021-05-25','Pimentão Verde - Benassi - André',3,3,3,83.72,'V','...','2021-05-25 09:48:49','2021-05-30 17:17:33',NULL),(629,1,'2021-03-02','EPI - Mascara Respiratoria + Luvas',1,2,2,36.00,'C','Observação','2021-05-26 08:50:28','2021-05-26 08:50:28',NULL),(630,1,'2021-01-25','EPI - Mascara Respiratoria',1,2,3,36.00,'C','Observação','2021-05-26 08:52:02','2021-05-26 08:52:02',NULL),(631,1,'2021-05-17','Sombrite vermelho 1000m',2,4,7,1600.00,'C','Observação','2021-05-26 08:54:59','2021-05-26 08:54:59',NULL),(632,1,'2021-02-11','Haste fixação Mulching',1,2,1,100.00,'C','Observação','2021-05-26 08:59:01','2021-05-26 08:59:01',NULL),(633,1,'2021-04-14','Carreta Triton 3 ton',2,4,6,11000.00,'C','Observação','2021-05-26 09:04:55','2021-05-26 09:04:55',NULL),(634,1,'2021-04-30','@ aspersores Ny 30',2,2,6,38.00,'C','Observação','2021-05-26 09:07:03','2021-05-26 09:07:03',NULL),(635,1,'2021-04-16','Formicita',1,4,5,50.00,'C','Observação','2021-05-26 09:08:56','2021-05-26 09:08:56',NULL),(636,1,'2021-05-16','Catraca 1/2',2,2,7,106.90,'C','Observação','2021-05-26 09:12:23','2021-05-26 09:12:23',NULL),(637,1,'2021-04-05','Fio de nylon e disco',1,4,6,60.00,'C','Observação','2021-05-26 09:13:44','2021-05-26 09:13:44',NULL),(638,1,'2021-01-25','Oleo sthil e Rolete',1,4,6,136.00,'C','Observação','2021-05-26 09:15:39','2021-05-26 09:15:39',NULL),(639,1,'2021-02-27','Valvula re 98 sthil',1,4,6,35.00,'C','Observação','2021-05-26 09:19:48','2021-05-26 09:19:48',NULL),(640,1,'2021-01-22','Mata mato',1,2,6,320.00,'C','Observação','2021-05-26 09:20:40','2021-05-26 09:20:40',NULL),(641,1,'2021-02-03','Nylon roçadeira',1,4,6,20.00,'C','Observação','2021-05-26 09:30:33','2021-05-26 09:30:33',NULL),(642,1,'2021-03-25','Manutenção da Moto Serra',1,4,6,50.00,'C','Observação','2021-05-26 09:31:46','2021-05-26 09:31:46',NULL),(643,1,'2021-03-25','Douglas  - Faca 20 mm',1,4,6,35.00,'C','Observação','2021-05-26 09:33:10','2021-05-26 09:33:10',NULL),(644,1,'2021-04-17','polia de ferro para pulverizador',1,4,6,107.00,'C','Observação','2021-05-26 09:34:26','2021-05-26 09:34:26',NULL),(645,1,'2021-03-02','Exame admissional Matheus',1,1,6,45.00,'C','Observação','2021-05-26 09:36:39','2021-05-26 09:36:39',NULL),(646,1,'2021-03-24','Mangueira Pulveriz.  Sansuy 5/16',2,2,6,827.45,'C','Observação','2021-05-26 09:38:38','2021-05-26 09:38:38',NULL),(647,1,'2021-03-02','Fita adesiva',1,2,2,36.00,'C','Observação','2021-05-26 09:39:37','2021-05-26 09:39:37',NULL),(648,1,'2021-03-08','Fitilho 4 kg',1,2,2,60.00,'C','Observação','2021-05-26 09:41:46','2021-05-26 09:41:46',NULL),(649,1,'2021-03-08','Fitilho 4 kg',1,2,3,60.00,'C','Observação','2021-05-26 09:41:54','2021-05-26 09:41:54',NULL),(650,1,'2021-03-08','Adubo 04-14-08 Granulado Condimax real 10 sc',1,2,5,60.00,'C','Observação','2021-05-26 09:43:46','2021-05-26 09:43:46',NULL),(651,1,'2020-11-13','Motobomba BC-92 S 1C',2,4,6,1690.00,'C','Observação','2021-05-26 09:46:19','2021-05-26 09:46:19',NULL),(652,1,'2021-02-05','Fita adesiva 45X100',1,2,2,36.00,'C','Observação','2021-05-26 09:56:05','2021-05-26 09:56:05',NULL),(653,1,'2021-03-15','Fita adesiva 45X100',1,2,3,36.00,'C','Observação','2021-05-26 09:56:58','2021-05-26 09:56:58',NULL),(654,1,'2021-05-25','Pimentão Amarelo - Rafael',3,3,2,5.00,'V','...','2021-05-26 11:27:36','2021-05-26 11:27:36',NULL),(655,1,'2021-05-25','Pimentão Vermelho - Rafael',3,3,2,5.00,'V','...','2021-05-26 11:27:49','2021-05-26 11:27:49',NULL),(656,1,'2021-05-19','Guia de licença de corte e plantio - Boleto',1,8,9,309.63,'C','Observação','2021-05-28 08:37:35','2021-05-28 08:37:35',NULL),(657,1,'2021-05-28','Pg EBR soluções ambientais - Eduardo',1,7,9,450.00,'C','Observação','2021-05-28 08:38:43','2021-05-28 08:38:43',NULL),(658,1,'2021-06-01','Pimentão Amarelo - Benassi - André',3,3,2,22.00,'V','...','2021-06-02 10:20:29','2021-06-02 10:20:29',NULL),(659,1,'2021-06-01','Pimentão Vermelho - Benassi - André',3,3,2,24.00,'V','...','2021-06-02 10:21:47','2021-06-02 10:21:47',NULL),(660,1,'2021-06-01','Pimentão Vermelho Médio - Benassi - André',3,3,2,1.00,'V','...','2021-06-02 10:23:41','2021-06-02 10:23:41',NULL),(661,1,'2021-06-01','Pimentão Amarelo - Benassi - André',3,3,3,17.00,'V','...','2021-06-02 10:25:05','2021-06-02 10:25:05',NULL),(662,1,'2021-06-01','Pimentão Vermelho - Benassi - André',3,3,3,14.00,'V','...','2021-06-02 10:25:51','2021-06-02 10:25:51',NULL),(663,1,'2021-06-01','Pimentão Amarelo Médio - Benassi - André',3,3,3,1.00,'V','...','2021-06-02 10:27:15','2021-06-02 10:27:15',NULL),(664,1,'2021-06-01','Pimentão Verde - Benassi - André',3,3,3,3.00,'V','...','2021-06-02 10:29:01','2021-06-02 10:29:01',NULL),(665,1,'2021-06-01','Pimentão Amarelo - Rafael',3,3,3,5.00,'V','...','2021-06-02 10:29:41','2021-06-02 10:29:41',NULL),(666,1,'2021-06-01','Pimentão Vermelho - Rafael',3,3,3,5.00,'V','...','2021-06-02 10:30:36','2021-06-02 10:31:16',NULL);
/*!40000 ALTER TABLE `accounts` ENABLE KEYS */;
UNLOCK TABLES;

--
-- Table structure for table `activities`
--

DROP TABLE IF EXISTS `activities`;
/*!40101 SET @saved_cs_client     = @@character_set_client */;
/*!40101 SET character_set_client = utf8 */;
CREATE TABLE `activities` (
  `id` bigint(20) unsigned NOT NULL AUTO_INCREMENT,
  `user_id` bigint(20) unsigned NOT NULL,
  `date` date NOT NULL,
  `type_activity_id` bigint(20) unsigned DEFAULT NULL,
  `worker_id` bigint(20) unsigned DEFAULT NULL,
  `ground_id` bigint(20) unsigned DEFAULT NULL,
  `product_id` bigint(20) unsigned DEFAULT NULL,
  `account_id` bigint(20) unsigned DEFAULT NULL,
  `start_time` time NOT NULL,
  `final_time` time NOT NULL,
  `worked_hours` double(10,2) NOT NULL,
  `note` longtext COLLATE utf8mb4_unicode_ci NOT NULL,
  `created_at` timestamp NULL DEFAULT NULL,
  `updated_at` timestamp NULL DEFAULT NULL,
  `deleted_at` timestamp NULL DEFAULT NULL,
  PRIMARY KEY (`id`),
  KEY `activities_user_id_foreign` (`user_id`),
  CONSTRAINT `activities_user_id_foreign` FOREIGN KEY (`user_id`) REFERENCES `users` (`id`) ON DELETE CASCADE
) ENGINE=InnoDB AUTO_INCREMENT=170 DEFAULT CHARSET=utf8mb4 COLLATE=utf8mb4_unicode_ci;
/*!40101 SET character_set_client = @saved_cs_client */;

--
-- Dumping data for table `activities`
--

LOCK TABLES `activities` WRITE;
/*!40000 ALTER TABLE `activities` DISABLE KEYS */;
INSERT INTO `activities` VALUES (1,1,'2020-10-31',8,1,2,11,238,'00:00:00','00:00:00',88.00,'considerando que trabalhou metade do mês na estufa 2','2021-04-19 19:44:41','2021-04-19 19:48:19',NULL),(2,1,'2020-11-30',8,1,2,11,239,'00:00:00','00:00:00',88.00,'considerando que trabalhou metade do mês na estufa 2','2021-04-19 19:45:07','2021-04-19 19:48:32',NULL),(3,1,'2020-12-30',8,1,2,11,240,'00:00:00','00:00:00',88.00,'considerando que trabalhou metade do mês na estufa 2','2021-04-19 19:45:23','2021-04-19 19:48:45',NULL),(4,1,'2021-01-31',8,1,2,11,241,'00:00:00','00:00:00',88.00,'...','2021-04-19 19:50:09','2021-04-19 19:50:09',NULL),(5,1,'2021-02-28',8,1,2,11,242,'00:00:00','00:00:00',88.00,'...','2021-04-19 19:50:25','2021-04-19 19:50:25',NULL),(6,1,'2021-03-31',8,1,2,11,243,'00:00:00','00:00:00',88.00,'...','2021-04-19 19:50:43','2021-04-19 19:50:43',NULL),(7,1,'2020-11-30',8,2,2,11,244,'00:00:00','00:00:00',88.00,'...','2021-04-19 19:51:16','2021-04-19 19:51:16',NULL),(8,1,'2020-10-31',8,2,2,11,245,'00:00:00','00:00:00',88.00,'...','2021-04-19 19:51:40','2021-04-19 19:51:40',NULL),(9,1,'2020-12-30',8,2,2,11,246,'00:00:00','00:00:00',88.00,'...','2021-04-19 19:51:56','2021-04-19 19:51:56',NULL),(10,1,'2021-01-30',8,2,2,11,247,'00:00:00','00:00:00',88.00,'...','2021-04-19 19:52:10','2021-04-19 19:52:10',NULL),(11,1,'2021-02-28',8,2,2,11,248,'00:00:00','00:00:00',88.00,'...','2021-04-19 19:52:20','2021-04-19 19:52:20',NULL),(12,1,'2021-03-31',8,2,2,11,249,'00:00:00','00:00:00',88.00,'...','2021-04-19 19:52:46','2021-04-19 19:52:46',NULL),(13,1,'2020-11-30',8,2,3,11,250,'00:00:00','00:00:00',88.00,'...','2021-04-19 19:53:09','2021-04-19 19:53:09',NULL),(14,1,'2020-12-30',8,2,3,11,251,'00:00:00','00:00:00',88.00,'...','2021-04-19 19:53:37','2021-04-19 19:53:37',NULL),(15,1,'2021-01-30',8,2,3,11,252,'00:00:00','00:00:00',88.00,'...','2021-04-19 19:53:51','2021-04-19 19:53:51',NULL),(16,1,'2021-02-28',8,2,3,11,253,'00:00:00','00:00:00',88.00,'...','2021-04-19 19:54:03','2021-04-19 19:54:03',NULL),(17,1,'2021-03-31',8,2,3,11,254,'00:00:00','00:00:00',88.00,'...','2021-04-19 19:54:25','2021-04-19 19:54:25',NULL),(18,1,'2020-11-30',8,1,3,11,255,'00:00:00','00:00:00',88.00,'...','2021-04-19 19:55:03','2021-04-19 19:55:03',NULL),(19,1,'2020-12-30',8,1,3,11,256,'00:00:00','00:00:00',88.00,'...','2021-04-19 19:55:13','2021-04-19 19:55:13',NULL),(20,1,'2021-01-30',8,1,3,11,257,'00:00:00','00:00:00',88.00,'...','2021-04-19 19:55:32','2021-04-19 19:55:32',NULL),(21,1,'2021-02-28',8,1,3,11,258,'00:00:00','00:00:00',88.00,'...','2021-04-19 19:55:43','2021-04-19 19:55:43',NULL),(22,1,'2021-03-31',8,1,3,11,259,'00:00:00','00:00:00',88.00,'...','2021-04-19 19:55:58','2021-04-19 19:55:58',NULL),(23,1,'2020-09-30',7,1,2,11,340,'00:00:00','00:00:00',5.00,'Tobata','2021-04-26 17:25:17','2021-04-26 17:25:17',NULL),(24,1,'2020-09-30',7,1,2,11,341,'00:00:00','00:00:00',30.00,'Montagem de canteiros','2021-04-26 17:26:04','2021-04-26 17:26:04',NULL),(25,1,'2020-09-30',7,5,2,11,342,'00:00:00','00:00:00',30.00,'Montagem de canteiros','2021-04-26 17:26:14','2021-04-26 17:26:14',NULL),(26,1,'2020-09-30',7,1,2,11,343,'00:00:00','00:00:00',24.00,'Levantar canteiros e adubar','2021-04-26 17:27:08','2021-04-26 17:27:08',NULL),(27,1,'2020-09-30',7,5,2,11,344,'00:00:00','00:00:00',24.00,'Levantar canteiros e adubar','2021-04-26 17:27:15','2021-04-26 17:27:15',NULL),(28,1,'2020-10-31',7,1,3,11,345,'00:00:00','00:00:00',5.00,'Tobata','2021-04-26 17:30:11','2021-04-26 17:30:11',NULL),(29,1,'2020-10-31',7,1,3,11,346,'00:00:00','00:00:00',30.00,'Montagem dos canteiros','2021-04-26 17:30:56','2021-04-26 17:30:56',NULL),(30,1,'2020-10-31',7,1,3,11,347,'00:00:00','00:00:00',24.00,'Levantar dos canteiros e adubar','2021-04-26 17:31:28','2021-04-26 17:31:28',NULL),(31,1,'2020-10-31',7,5,3,11,348,'00:00:00','00:00:00',24.00,'Levantar dos canteiros e adubar','2021-04-26 17:31:38','2021-04-26 17:31:38',NULL),(32,1,'2020-10-31',7,5,3,11,349,'00:00:00','00:00:00',30.00,'Montagem de  canteiros','2021-04-26 17:32:00','2021-04-26 17:32:00',NULL),(33,1,'2021-04-01',2,1,2,11,411,'00:00:00','00:00:00',1.00,'...','2021-05-21 09:45:41','2021-05-21 09:45:41',NULL),(34,1,'2021-04-01',2,2,2,11,412,'00:00:00','00:00:00',1.00,'...','2021-05-21 09:45:51','2021-05-21 09:45:51',NULL),(35,1,'2021-04-05',1,1,2,11,413,'00:00:00','00:00:00',5.00,'...','2021-05-21 09:46:28','2021-05-21 09:50:52',NULL),(36,1,'2021-04-06',2,1,2,11,414,'00:00:00','00:00:00',1.00,'...','2021-05-21 09:46:41','2021-05-21 09:49:37',NULL),(37,1,'2021-04-06',2,1,2,11,415,'00:00:00','00:00:00',1.00,'...','2021-05-21 09:51:46','2021-05-21 09:51:46',NULL),(38,1,'2021-04-07',2,1,2,11,416,'00:00:00','00:00:00',1.00,'...','2021-05-21 09:52:13','2021-05-21 09:52:13',NULL),(39,1,'2021-04-07',2,2,2,11,417,'00:00:00','00:00:00',1.00,'...','2021-05-21 09:52:19','2021-05-21 09:52:19',NULL),(40,1,'2021-04-08',2,2,2,11,418,'00:00:00','00:00:00',1.00,'...','2021-05-21 09:53:08','2021-05-21 09:53:08',NULL),(41,1,'2021-04-08',2,1,2,11,419,'00:00:00','00:00:00',1.00,'...','2021-05-21 09:53:15','2021-05-21 09:53:15',NULL),(42,1,'2021-04-09',2,1,2,11,420,'00:00:00','00:00:00',1.00,'...','2021-05-21 09:53:30','2021-05-21 09:53:30',NULL),(43,1,'2021-04-09',2,2,2,11,421,'00:00:00','00:00:00',1.00,'...','2021-05-21 09:53:41','2021-05-21 09:53:41',NULL),(44,1,'2021-04-09',2,1,2,11,422,'00:00:00','00:00:00',1.00,'...','2021-05-21 09:54:22','2021-05-21 09:54:22',NULL),(45,1,'2021-04-12',1,1,2,11,423,'00:00:00','00:00:00',2.00,'...','2021-05-21 09:55:17','2021-05-21 09:55:17',NULL),(46,1,'2021-04-12',1,2,2,11,424,'00:00:00','00:00:00',2.00,'...','2021-05-21 09:56:00','2021-05-21 09:56:00',NULL),(47,1,'2021-04-12',4,1,2,11,425,'00:00:00','00:00:00',2.00,'...','2021-05-21 10:11:47','2021-05-21 10:11:47',NULL),(48,1,'2021-04-12',4,2,2,11,426,'00:00:00','00:00:00',2.00,'...','2021-05-21 10:12:03','2021-05-21 10:12:03',NULL),(49,1,'2021-04-12',2,1,2,11,427,'00:00:00','00:00:00',1.00,'...','2021-05-21 10:12:30','2021-05-21 10:12:30',NULL),(50,1,'2021-04-12',2,2,2,11,428,'00:00:00','00:00:00',1.00,'...','2021-05-21 10:12:36','2021-05-21 10:12:36',NULL),(51,1,'2021-04-13',2,2,2,11,429,'00:00:00','00:00:00',1.00,'...','2021-05-21 10:12:57','2021-05-21 10:12:57',NULL),(52,1,'2021-04-13',2,1,2,11,430,'00:00:00','00:00:00',1.00,'...','2021-05-21 10:13:04','2021-05-21 10:13:04',NULL),(53,1,'2021-04-14',2,1,2,11,431,'00:00:00','00:00:00',1.00,'...','2021-05-21 10:13:30','2021-05-21 10:13:30',NULL),(54,1,'2021-04-14',2,2,2,11,432,'00:00:00','00:00:00',1.00,'...','2021-05-21 10:13:36','2021-05-21 10:13:36',NULL),(55,1,'2021-04-15',2,2,2,11,433,'00:00:00','00:00:00',1.00,'...','2021-05-21 10:13:59','2021-05-21 10:13:59',NULL),(56,1,'2021-04-15',2,1,2,11,434,'00:00:00','00:00:00',1.00,'...','2021-05-21 10:14:04','2021-05-21 10:14:04',NULL),(57,1,'2021-04-16',2,1,2,11,435,'00:00:00','00:00:00',1.00,'...','2021-05-21 10:14:29','2021-05-21 10:14:29',NULL),(58,1,'2021-04-16',2,2,2,11,436,'00:00:00','00:00:00',1.00,'...','2021-05-21 10:14:35','2021-05-21 10:14:35',NULL),(59,1,'2021-04-19',2,2,2,11,437,'00:00:00','00:00:00',1.00,'...','2021-05-21 10:14:57','2021-05-21 10:14:57',NULL),(60,1,'2021-04-19',2,1,2,11,438,'00:00:00','00:00:00',1.00,'...','2021-05-21 10:15:03','2021-05-21 10:15:03',NULL),(61,1,'2021-04-19',1,1,2,11,439,'00:00:00','00:00:00',1.00,'...','2021-05-21 10:15:47','2021-05-21 10:15:47',NULL),(62,1,'2021-04-19',1,2,2,11,440,'00:00:00','00:00:00',1.00,'...','2021-05-21 10:15:53','2021-05-21 10:15:53',NULL),(63,1,'2021-04-19',4,2,2,11,441,'00:00:00','00:00:00',1.00,'...','2021-05-21 10:16:21','2021-05-21 10:16:21',NULL),(64,1,'2021-04-19',4,1,2,11,442,'00:00:00','00:00:00',1.00,'...','2021-05-21 10:16:33','2021-05-21 10:16:33',NULL),(65,1,'2021-04-20',2,1,2,11,443,'00:00:00','00:00:00',0.45,'...','2021-05-21 10:16:52','2021-05-21 10:17:32',NULL),(66,1,'2021-04-20',2,2,2,11,444,'00:00:00','00:00:00',0.45,'...','2021-05-21 10:17:06','2021-05-21 10:17:46',NULL),(67,1,'2021-04-22',2,1,2,11,445,'00:00:00','00:00:00',1.00,'...','2021-05-21 10:18:52','2021-05-21 10:18:52',NULL),(68,1,'2021-04-22',2,2,2,11,446,'00:00:00','00:00:00',1.00,'...','2021-05-21 10:19:12','2021-05-21 10:19:12',NULL),(69,1,'2021-04-23',2,1,2,11,447,'00:00:00','00:00:00',1.00,'...','2021-05-21 10:20:16','2021-05-21 10:20:16',NULL),(70,1,'2021-04-23',2,2,2,11,448,'00:00:00','00:00:00',1.00,'...','2021-05-21 10:20:26','2021-05-21 10:20:26',NULL),(71,1,'2021-04-26',2,2,2,11,449,'00:00:00','00:00:00',2.00,'...','2021-05-21 10:20:56','2021-05-21 10:20:56',NULL),(72,1,'2021-04-26',2,1,2,11,450,'00:00:00','00:00:00',2.00,'...','2021-05-21 10:21:08','2021-05-21 10:21:08',NULL),(73,1,'2021-04-26',4,5,2,11,451,'00:00:00','00:00:00',1.00,'...','2021-05-21 10:21:55','2021-05-21 10:24:04',NULL),(74,1,'2021-04-26',4,2,2,11,452,'00:00:00','00:00:00',1.00,'...','2021-05-21 10:25:22','2021-05-21 10:25:37',NULL),(75,1,'2021-04-26',2,5,2,11,453,'00:00:00','00:00:00',1.00,'...','2021-05-21 10:26:30','2021-05-21 10:26:30',NULL),(76,1,'2021-04-26',2,2,2,11,454,'00:00:00','00:00:00',1.00,'...','2021-05-21 10:26:37','2021-05-21 10:26:37',NULL),(77,1,'2021-04-27',2,2,2,11,455,'00:00:00','00:00:00',1.00,'...','2021-05-21 10:27:12','2021-05-21 10:27:12',NULL),(78,1,'2021-04-27',2,1,2,11,456,'00:00:00','00:00:00',1.00,'...','2021-05-21 10:27:21','2021-05-21 10:27:21',NULL),(79,1,'2021-04-29',2,5,2,11,457,'00:00:00','00:00:00',1.00,'...','2021-05-21 10:27:56','2021-05-21 10:27:56',NULL),(80,1,'2021-04-29',2,2,2,11,458,'00:00:00','00:00:00',1.00,'...','2021-05-21 10:28:01','2021-05-21 10:28:01',NULL),(81,1,'2021-04-30',2,2,2,11,459,'00:00:00','00:00:00',1.00,'...','2021-05-21 10:28:30','2021-05-21 10:28:30',NULL),(82,1,'2021-04-30',2,5,2,11,460,'00:00:00','00:00:00',1.00,'...','2021-05-21 10:28:37','2021-05-21 10:28:37',NULL),(83,1,'2021-05-03',1,1,2,11,461,'00:00:00','00:00:00',2.00,'...','2021-05-21 10:29:18','2021-05-21 10:30:31',NULL),(84,1,'2021-05-03',1,2,2,11,462,'00:00:00','00:00:00',2.00,'...','2021-05-21 10:29:23','2021-05-21 10:30:42',NULL),(85,1,'2021-05-03',4,1,2,11,463,'00:00:00','00:00:00',2.00,'...','2021-05-21 10:31:21','2021-05-21 10:31:21',NULL),(86,1,'2021-05-03',4,2,2,11,464,'00:00:00','00:00:00',2.00,'...','2021-05-21 10:31:29','2021-05-21 10:31:29',NULL),(87,1,'2021-05-03',2,2,2,11,465,'00:00:00','00:00:00',1.00,'...','2021-05-21 10:31:37','2021-05-21 10:31:37',NULL),(88,1,'2021-05-03',2,1,2,11,466,'00:00:00','00:00:00',1.00,'...','2021-05-21 10:31:43','2021-05-21 10:31:43',NULL),(89,1,'2021-04-22',7,1,7,11,522,'00:00:00','00:00:00',6.00,'Aração da área','2021-05-24 07:56:42','2021-05-24 07:56:42',NULL),(90,1,'2021-04-22',7,1,1,11,534,'00:00:00','00:00:00',6.00,'...','2021-05-24 09:08:23','2021-05-24 09:08:23',NULL),(91,1,'2021-04-22',7,2,1,11,535,'00:00:00','00:00:00',6.00,'...','2021-05-24 09:08:31','2021-05-24 09:08:31',NULL),(92,1,'2021-04-23',7,2,1,11,536,'00:00:00','00:00:00',3.00,'...','2021-05-24 09:08:47','2021-05-24 09:08:47',NULL),(93,1,'2021-04-23',7,1,1,11,537,'00:00:00','00:00:00',3.00,'...','2021-05-24 09:08:58','2021-05-24 09:08:58',NULL),(94,1,'2021-04-26',7,1,1,11,538,'00:00:00','00:00:00',5.00,'...','2021-05-24 09:09:29','2021-05-24 09:09:56',NULL),(95,1,'2021-04-27',7,1,1,11,539,'00:00:00','00:00:00',4.00,'...','2021-05-24 09:10:35','2021-05-24 09:11:02',NULL),(96,1,'2021-04-28',7,5,1,11,542,'00:00:00','00:00:00',8.00,'...','2021-05-24 09:12:01','2021-05-24 09:13:41',NULL),(97,1,'2021-04-28',7,2,1,11,543,'00:00:00','00:00:00',8.00,'...','2021-05-24 09:12:09','2021-05-24 09:13:11',NULL),(98,1,'2021-04-29',7,5,1,11,546,'00:00:00','00:00:00',6.00,'...','2021-05-24 09:14:18','2021-05-24 09:14:18',NULL),(99,1,'2021-04-29',7,2,1,11,547,'00:00:00','00:00:00',6.00,'...','2021-05-24 09:14:25','2021-05-24 09:14:25',NULL),(100,1,'2021-04-30',7,2,1,11,548,'00:00:00','00:00:00',6.00,'...','2021-05-24 09:14:44','2021-05-24 09:14:44',NULL),(101,1,'2021-04-30',7,5,1,11,549,'00:00:00','00:00:00',6.00,'...','2021-05-24 09:14:50','2021-05-24 09:14:50',NULL),(102,1,'2021-04-30',7,1,1,11,550,'00:00:00','00:00:00',6.00,'...','2021-05-24 09:15:13','2021-05-24 09:15:13',NULL),(103,1,'2021-05-04',7,1,1,11,553,'00:00:00','00:00:00',8.00,'...','2021-05-24 09:15:48','2021-05-24 09:15:48',NULL),(104,1,'2021-05-04',7,2,1,11,554,'00:00:00','00:00:00',8.00,'...','2021-05-24 09:15:58','2021-05-24 09:15:58',NULL),(105,1,'2021-05-05',7,2,1,11,556,'00:00:00','00:00:00',6.00,'...','2021-05-24 09:16:29','2021-05-24 09:16:29',NULL),(106,1,'2021-05-05',7,1,1,11,557,'00:00:00','00:00:00',6.00,'...','2021-05-24 09:16:38','2021-05-24 09:16:38',NULL),(107,1,'2021-05-05',7,5,1,11,558,'00:00:00','00:00:00',6.00,'...','2021-05-24 09:17:02','2021-05-24 09:17:02',NULL),(108,1,'2021-05-06',7,2,1,11,559,'00:00:00','00:00:00',7.00,'...','2021-05-24 09:17:54','2021-05-24 09:17:54',NULL),(109,1,'2021-05-06',7,1,1,11,560,'00:00:00','00:00:00',7.00,'...','2021-05-24 09:18:04','2021-05-24 09:18:04',NULL),(110,1,'2021-04-01',3,1,3,11,561,'00:00:00','00:00:00',3.00,'...','2021-05-24 09:19:22','2021-05-24 09:19:22',NULL),(111,1,'2021-04-01',3,2,3,11,562,'00:00:00','00:00:00',3.00,'...','2021-05-24 09:19:29','2021-05-24 09:19:29',NULL),(112,1,'2021-04-01',2,1,3,11,563,'00:00:00','00:00:00',1.00,'...','2021-05-24 09:20:07','2021-05-24 09:20:07',NULL),(113,1,'2021-04-01',2,2,3,11,564,'00:00:00','00:00:00',1.00,'...','2021-05-24 09:20:12','2021-05-24 09:20:12',NULL),(114,1,'2021-04-05',1,1,3,11,565,'00:00:00','00:00:00',4.00,'...','2021-05-24 09:21:03','2021-05-24 09:21:03',NULL),(115,1,'2021-04-05',1,2,3,11,566,'00:00:00','00:00:00',4.00,'...','2021-05-24 09:21:10','2021-05-24 09:21:10',NULL),(116,1,'2021-04-06',2,2,3,11,567,'00:00:00','00:00:00',1.00,'...','2021-05-24 09:21:42','2021-05-24 09:21:42',NULL),(117,1,'2021-04-06',2,1,3,11,568,'00:00:00','00:00:00',1.00,'...','2021-05-24 09:21:48','2021-05-24 09:21:48',NULL),(118,1,'2021-04-07',1,1,3,11,569,'00:00:00','00:00:00',1.00,'...','2021-05-24 09:22:18','2021-05-24 09:22:18',NULL),(119,1,'2021-04-07',1,2,3,11,570,'00:00:00','00:00:00',1.00,'...','2021-05-24 09:22:32','2021-05-24 09:22:32',NULL),(120,1,'2021-04-08',2,2,3,11,571,'00:00:00','00:00:00',1.00,'...','2021-05-24 09:22:56','2021-05-24 09:22:56',NULL),(121,1,'2021-04-08',2,1,3,11,572,'00:00:00','00:00:00',1.00,'...','2021-05-24 09:23:09','2021-05-24 09:23:09',NULL),(122,1,'2021-04-09',2,1,3,11,573,'00:00:00','00:00:00',1.00,'...','2021-05-24 09:23:40','2021-05-24 09:23:40',NULL),(123,1,'2021-04-09',2,2,3,11,574,'00:00:00','00:00:00',1.00,'...','2021-05-24 09:23:46','2021-05-24 09:23:46',NULL),(124,1,'2021-04-12',1,1,3,11,575,'00:00:00','00:00:00',2.00,'...','2021-05-24 09:24:19','2021-05-24 09:24:19',NULL),(125,1,'2021-04-12',1,2,3,11,576,'00:00:00','00:00:00',2.00,'...','2021-05-24 09:24:26','2021-05-24 09:24:26',NULL),(126,1,'2021-04-12',4,2,3,11,577,'00:00:00','00:00:00',2.00,'...','2021-05-24 09:25:01','2021-05-24 09:25:01',NULL),(127,1,'2021-04-12',4,1,3,11,578,'00:00:00','00:00:00',2.00,'...','2021-05-24 09:25:09','2021-05-24 09:25:09',NULL),(128,1,'2021-04-12',2,1,3,11,579,'00:00:00','00:00:00',1.00,'...','2021-05-24 09:25:37','2021-05-24 09:25:37',NULL),(129,1,'2021-04-12',2,2,3,11,580,'00:00:00','00:00:00',1.00,'...','2021-05-24 09:25:42','2021-05-24 09:25:42',NULL),(130,1,'2021-04-13',2,2,3,11,581,'00:00:00','00:00:00',1.00,'...','2021-05-24 09:25:57','2021-05-24 09:25:57',NULL),(131,1,'2021-04-13',2,1,3,11,582,'00:00:00','00:00:00',1.00,'...','2021-05-24 09:26:05','2021-05-24 09:26:05',NULL),(132,1,'2021-04-14',2,1,3,11,583,'00:00:00','00:00:00',1.00,'...','2021-05-24 09:26:29','2021-05-24 09:26:29',NULL),(133,1,'2021-04-14',2,2,3,11,584,'00:00:00','00:00:00',1.00,'...','2021-05-24 09:26:35','2021-05-24 09:26:35',NULL),(134,1,'2021-04-14',3,2,3,11,585,'00:00:00','00:00:00',2.00,'...','2021-05-24 09:27:01','2021-05-24 09:27:01',NULL),(135,1,'2021-04-14',3,1,3,11,586,'00:00:00','00:00:00',2.00,'...','2021-05-24 09:27:06','2021-05-24 09:27:06',NULL),(136,1,'2021-04-15',2,1,3,11,587,'00:00:00','00:00:00',1.00,'...','2021-05-24 09:27:29','2021-05-24 09:27:29',NULL),(137,1,'2021-04-15',2,2,3,11,588,'00:00:00','00:00:00',1.00,'...','2021-05-24 09:27:34','2021-05-24 09:27:34',NULL),(138,1,'2021-04-16',2,2,3,11,589,'00:00:00','00:00:00',1.00,'...','2021-05-24 09:27:55','2021-05-24 09:27:55',NULL),(139,1,'2021-04-16',2,1,3,11,590,'00:00:00','00:00:00',1.00,'...','2021-05-24 09:28:00','2021-05-24 09:28:00',NULL),(140,1,'2021-04-19',1,1,3,11,591,'00:00:00','00:00:00',1.00,'...','2021-05-24 09:28:34','2021-05-24 09:28:34',NULL),(141,1,'2021-04-19',1,2,3,11,592,'00:00:00','00:00:00',1.00,'...','2021-05-24 09:28:44','2021-05-24 09:28:44',NULL),(142,1,'2021-04-19',4,2,3,11,593,'00:00:00','00:00:00',1.00,'...','2021-05-24 09:29:14','2021-05-24 09:29:14',NULL),(143,1,'2021-04-19',4,1,3,11,594,'00:00:00','00:00:00',1.00,'...','2021-05-24 09:29:24','2021-05-24 09:29:24',NULL),(144,1,'2021-04-19',2,1,3,11,595,'00:00:00','00:00:00',1.00,'...','2021-05-24 09:29:44','2021-05-24 09:29:44',NULL),(145,1,'2021-04-19',2,2,3,11,596,'00:00:00','00:00:00',1.00,'...','2021-05-24 09:29:49','2021-05-24 09:29:49',NULL),(146,1,'2021-04-20',2,1,3,11,597,'00:00:00','00:00:00',0.45,'...','2021-05-24 09:30:25','2021-05-24 09:30:25',NULL),(147,1,'2021-04-20',2,2,3,11,598,'00:00:00','00:00:00',0.45,'...','2021-05-24 09:30:34','2021-05-24 09:30:34',NULL),(148,1,'2021-04-22',2,2,3,11,599,'00:00:00','00:00:00',1.00,'...','2021-05-24 09:30:54','2021-05-24 09:32:22',NULL),(149,1,'2021-04-22',2,1,3,11,600,'00:00:00','00:00:00',1.00,'...','2021-05-24 09:30:59','2021-05-24 09:32:51',NULL),(150,1,'2021-04-23',2,1,3,11,601,'00:00:00','00:00:00',1.00,'...','2021-05-24 09:33:41','2021-05-24 09:33:41',NULL),(151,1,'2021-04-23',2,2,3,11,602,'00:00:00','00:00:00',1.00,'...','2021-05-24 09:33:51','2021-05-24 09:33:51',NULL),(152,1,'2021-04-26',1,5,3,11,603,'00:00:00','00:00:00',3.00,'...','2021-05-24 09:34:28','2021-05-24 09:34:28',NULL),(153,1,'2021-04-26',1,2,3,11,604,'00:00:00','00:00:00',3.00,'...','2021-05-24 09:34:36','2021-05-24 09:34:36',NULL),(154,1,'2021-04-26',4,5,3,11,605,'00:00:00','00:00:00',1.00,'...','2021-05-24 09:35:17','2021-05-24 09:35:17',NULL),(155,1,'2021-04-26',4,2,3,11,606,'00:00:00','00:00:00',1.00,'...','2021-05-24 09:35:26','2021-05-24 09:35:26',NULL),(156,1,'2021-04-26',2,2,3,11,607,'00:00:00','00:00:00',1.00,'...','2021-05-24 09:35:56','2021-05-24 09:35:56',NULL),(157,1,'2021-04-26',2,5,3,11,608,'00:00:00','00:00:00',1.00,'...','2021-05-24 09:36:01','2021-05-24 09:36:01',NULL),(158,1,'2021-04-27',2,1,3,11,609,'00:00:00','00:00:00',1.00,'...','2021-05-24 09:37:02','2021-05-24 09:37:02',NULL),(159,1,'2021-04-27',2,2,3,11,610,'00:00:00','00:00:00',1.00,'...','2021-05-24 09:37:12','2021-05-24 09:37:12',NULL),(160,1,'2021-04-29',2,2,3,11,611,'00:00:00','00:00:00',1.00,'...','2021-05-24 09:37:38','2021-05-24 09:37:38',NULL),(161,1,'2021-04-29',2,5,3,11,612,'00:00:00','00:00:00',1.00,'...','2021-05-24 09:37:47','2021-05-24 09:37:47',NULL),(162,1,'2021-04-30',2,1,3,11,613,'00:00:00','00:00:00',1.00,'...','2021-05-24 09:38:06','2021-05-24 09:38:06',NULL),(163,1,'2021-04-30',2,2,3,11,614,'00:00:00','00:00:00',1.00,'...','2021-05-24 09:38:15','2021-05-24 09:38:15',NULL),(164,1,'2021-05-03',1,2,3,11,615,'00:00:00','00:00:00',2.00,'...','2021-05-24 09:38:44','2021-05-24 09:41:31',NULL),(165,1,'2021-05-03',1,1,3,11,616,'00:00:00','00:00:00',2.00,'...','2021-05-24 09:38:54','2021-05-24 09:41:18',NULL),(166,1,'2021-05-03',4,1,3,11,617,'00:00:00','00:00:00',1.00,'...','2021-05-24 09:40:35','2021-05-24 09:40:35',NULL),(167,1,'2021-05-03',4,2,3,11,618,'00:00:00','00:00:00',1.00,'...','2021-05-24 09:40:42','2021-05-24 09:40:42',NULL),(168,1,'2021-05-03',2,2,3,11,619,'00:00:00','00:00:00',1.00,'...','2021-05-24 09:40:56','2021-05-24 09:40:56',NULL),(169,1,'2021-05-03',2,1,3,11,620,'00:00:00','00:00:00',1.00,'...','2021-05-24 09:41:01','2021-05-24 09:41:01',NULL);
/*!40000 ALTER TABLE `activities` ENABLE KEYS */;
UNLOCK TABLES;

--
-- Table structure for table `bayers`
--

DROP TABLE IF EXISTS `bayers`;
/*!40101 SET @saved_cs_client     = @@character_set_client */;
/*!40101 SET character_set_client = utf8 */;
CREATE TABLE `bayers` (
  `id` bigint(20) unsigned NOT NULL AUTO_INCREMENT,
  `user_id` bigint(20) unsigned NOT NULL,
  `name` text COLLATE utf8mb4_unicode_ci NOT NULL,
  `in_use` enum('S','N') COLLATE utf8mb4_unicode_ci NOT NULL DEFAULT 'S',
  `image` varchar(100) COLLATE utf8mb4_unicode_ci DEFAULT NULL,
  `note` longtext COLLATE utf8mb4_unicode_ci NOT NULL,
  `created_at` timestamp NULL DEFAULT NULL,
  `updated_at` timestamp NULL DEFAULT NULL,
  `deleted_at` timestamp NULL DEFAULT NULL,
  PRIMARY KEY (`id`),
  KEY `bayers_user_id_foreign` (`user_id`),
  CONSTRAINT `bayers_user_id_foreign` FOREIGN KEY (`user_id`) REFERENCES `users` (`id`) ON DELETE CASCADE
) ENGINE=InnoDB AUTO_INCREMENT=9 DEFAULT CHARSET=utf8mb4 COLLATE=utf8mb4_unicode_ci;
/*!40101 SET character_set_client = @saved_cs_client */;

--
-- Dumping data for table `bayers`
--

LOCK TABLES `bayers` WRITE;
/*!40000 ALTER TABLE `bayers` DISABLE KEYS */;
INSERT INTO `bayers` VALUES (1,1,'Benassi - André','S','bayer_avatar.png','Atacadista BH','2021-04-01 10:40:39','2021-04-01 10:40:39',NULL),(2,1,'Mario Wilson','S','bayer_avatar.png','Carrega na fazenda as 11hs do dia anterior','2021-04-01 10:40:39','2021-04-01 10:40:39',NULL),(3,1,'Dedé','S','bayer_avatar.png','Levar em Vasconcellos','2021-04-01 10:40:39','2021-04-01 10:40:39',NULL),(4,1,'Rafael','S','bayer_avatar.png','Vizinho','2021-04-01 10:40:39','2021-04-01 10:40:39',NULL),(5,1,'Comprador Avulso','S','bayer_avatar.png','Qualquer comprador de produtos da fazenda que não seja constante','2021-04-01 15:40:33','2021-04-01 15:40:33',NULL),(6,1,'Junior','S','bayer_avatar.png','Junior, Irmão do Paulo Eneas','2021-04-01 16:04:10','2021-04-01 16:04:10',NULL),(7,1,'Tiririca','S','bayer_avatar.png','Carreteiro','2021-04-08 15:42:49','2021-04-08 15:42:49',NULL),(8,1,'Cleber','S','bayer_avatar.png','Indicação do Rafael - Pegou os do Chocolate','2021-04-26 09:24:22','2021-04-26 09:24:22',NULL);
/*!40000 ALTER TABLE `bayers` ENABLE KEYS */;
UNLOCK TABLES;

--
-- Table structure for table `competences`
--

DROP TABLE IF EXISTS `competences`;
/*!40101 SET @saved_cs_client     = @@character_set_client */;
/*!40101 SET character_set_client = utf8 */;
CREATE TABLE `competences` (
  `id` bigint(20) unsigned NOT NULL AUTO_INCREMENT,
  `name` text COLLATE utf8mb4_unicode_ci NOT NULL,
  `description` text COLLATE utf8mb4_unicode_ci NOT NULL,
  `created_at` timestamp NULL DEFAULT NULL,
  `updated_at` timestamp NULL DEFAULT NULL,
  PRIMARY KEY (`id`)
) ENGINE=InnoDB AUTO_INCREMENT=5 DEFAULT CHARSET=utf8mb4 COLLATE=utf8mb4_unicode_ci;
/*!40101 SET character_set_client = @saved_cs_client */;

--
-- Dumping data for table `competences`
--

LOCK TABLES `competences` WRITE;
/*!40000 ALTER TABLE `competences` DISABLE KEYS */;
INSERT INTO `competences` VALUES (1,'Administrador','Acesso a todas as funcionalidades','2021-04-01 10:40:39','2021-04-01 10:40:39'),(2,'Nível 1','Ler e escrever os seus dados e acesso a alguns relatórios gerais','2021-04-01 10:40:39','2021-04-01 10:40:39'),(3,'Nível 2','Ler, escrever e acessar os seus dados','2021-04-01 10:40:39','2021-04-01 10:40:39'),(4,'Nível 3','Acesso apenas aos dados abertos','2021-04-01 10:40:39','2021-04-01 10:40:39');
/*!40000 ALTER TABLE `competences` ENABLE KEYS */;
UNLOCK TABLES;

--
-- Table structure for table `crops`
--

DROP TABLE IF EXISTS `crops`;
/*!40101 SET @saved_cs_client     = @@character_set_client */;
/*!40101 SET character_set_client = utf8 */;
CREATE TABLE `crops` (
  `id` bigint(20) unsigned NOT NULL AUTO_INCREMENT,
  `user_id` bigint(20) unsigned NOT NULL,
  `name` text COLLATE utf8mb4_unicode_ci NOT NULL,
  `description` text COLLATE utf8mb4_unicode_ci NOT NULL,
  `packing` text COLLATE utf8mb4_unicode_ci NOT NULL,
  `unity` text COLLATE utf8mb4_unicode_ci NOT NULL,
  `in_use` enum('S','N') COLLATE utf8mb4_unicode_ci NOT NULL DEFAULT 'S',
  `image` varchar(100) COLLATE utf8mb4_unicode_ci DEFAULT NULL,
  `note` longtext COLLATE utf8mb4_unicode_ci NOT NULL,
  `created_at` timestamp NULL DEFAULT NULL,
  `updated_at` timestamp NULL DEFAULT NULL,
  `deleted_at` timestamp NULL DEFAULT NULL,
  PRIMARY KEY (`id`),
  KEY `crops_user_id_foreign` (`user_id`),
  CONSTRAINT `crops_user_id_foreign` FOREIGN KEY (`user_id`) REFERENCES `users` (`id`) ON DELETE CASCADE
) ENGINE=InnoDB AUTO_INCREMENT=11 DEFAULT CHARSET=utf8mb4 COLLATE=utf8mb4_unicode_ci;
/*!40101 SET character_set_client = @saved_cs_client */;

--
-- Dumping data for table `crops`
--

LOCK TABLES `crops` WRITE;
/*!40000 ALTER TABLE `crops` DISABLE KEYS */;
INSERT INTO `crops` VALUES (1,1,'Pimentão Misto','Pimentão Amarelo e Vermelho em estufa','???','??','S','crop_1620337716.jpg','...','2021-04-01 10:40:39','2021-05-06 18:48:36',NULL),(2,1,'Pimentão Amarelo','Pimentão Amarelo em estufa','???','??','S','crop_1620337767.heic','...','2021-04-01 10:40:39','2021-05-06 18:49:27',NULL),(3,1,'Pimentão Vermelho','Pimentão Vermelho em estufa','???','??','S','crop_1620344943.jpg','...','2021-04-01 10:40:39','2021-05-06 20:49:03',NULL),(4,1,'Abacate Comum','Abacate do tipo Geada, Fortuna no mesmo terreno','???','??','S','crop_1620344970.jpg','...','2021-04-01 10:40:39','2021-05-06 20:49:30',NULL),(5,1,'Abacate Hass','Abacate do tipo Hass e de comercialização restrita','???','??','S','crop_avatar.png','...','2021-04-01 10:40:39','2021-05-06 20:49:49',NULL),(6,1,'Feijão','Feijão vermelho','???','??','S','crop_1620345040.jpg','...','2021-04-01 10:40:39','2021-05-06 20:50:40',NULL),(7,1,'Pimentão Verde','Pimentão Verde','???','??','S','crop_avatar.png','...','2021-04-01 10:56:59','2021-04-01 10:56:59',NULL),(8,1,'Abobrinha','Abobrinha','???','??','S','crop_avatar.png','...','2021-04-01 16:03:06','2021-04-01 16:03:06',NULL),(9,1,'Pimentão Vermelho Médio','Pimentão menor no tamanho','???','??','S','crop_avatar.png','...','2021-04-08 15:34:14','2021-04-08 15:34:14',NULL),(10,1,'Pimentão Amarelo Médio','Pimentão Amarelo de menor tamanho','???','??','S','crop_avatar.png','...','2021-04-08 15:34:49','2021-04-08 15:34:49',NULL);
/*!40000 ALTER TABLE `crops` ENABLE KEYS */;
UNLOCK TABLES;

--
-- Table structure for table `failed_jobs`
--

DROP TABLE IF EXISTS `failed_jobs`;
/*!40101 SET @saved_cs_client     = @@character_set_client */;
/*!40101 SET character_set_client = utf8 */;
CREATE TABLE `failed_jobs` (
  `id` bigint(20) unsigned NOT NULL AUTO_INCREMENT,
  `connection` text COLLATE utf8mb4_unicode_ci NOT NULL,
  `queue` text COLLATE utf8mb4_unicode_ci NOT NULL,
  `payload` longtext COLLATE utf8mb4_unicode_ci NOT NULL,
  `exception` longtext COLLATE utf8mb4_unicode_ci NOT NULL,
  `failed_at` timestamp NOT NULL DEFAULT current_timestamp(),
  PRIMARY KEY (`id`)
) ENGINE=InnoDB DEFAULT CHARSET=utf8mb4 COLLATE=utf8mb4_unicode_ci;
/*!40101 SET character_set_client = @saved_cs_client */;

--
-- Dumping data for table `failed_jobs`
--

LOCK TABLES `failed_jobs` WRITE;
/*!40000 ALTER TABLE `failed_jobs` DISABLE KEYS */;
/*!40000 ALTER TABLE `failed_jobs` ENABLE KEYS */;
UNLOCK TABLES;

--
-- Table structure for table `grounds`
--

DROP TABLE IF EXISTS `grounds`;
/*!40101 SET @saved_cs_client     = @@character_set_client */;
/*!40101 SET character_set_client = utf8 */;
CREATE TABLE `grounds` (
  `id` bigint(20) unsigned NOT NULL AUTO_INCREMENT,
  `user_id` bigint(20) unsigned NOT NULL,
  `name` text COLLATE utf8mb4_unicode_ci NOT NULL,
  `area` double(10,2) NOT NULL,
  `location` text COLLATE utf8mb4_unicode_ci NOT NULL,
  `in_use` enum('S','N') COLLATE utf8mb4_unicode_ci NOT NULL DEFAULT 'S',
  `image` varchar(100) COLLATE utf8mb4_unicode_ci DEFAULT NULL,
  `created_at` timestamp NULL DEFAULT NULL,
  `updated_at` timestamp NULL DEFAULT NULL,
  `deleted_at` timestamp NULL DEFAULT NULL,
  PRIMARY KEY (`id`),
  KEY `grounds_user_id_foreign` (`user_id`),
  CONSTRAINT `grounds_user_id_foreign` FOREIGN KEY (`user_id`) REFERENCES `users` (`id`) ON DELETE CASCADE
) ENGINE=InnoDB AUTO_INCREMENT=10 DEFAULT CHARSET=utf8mb4 COLLATE=utf8mb4_unicode_ci;
/*!40101 SET character_set_client = @saved_cs_client */;

--
-- Dumping data for table `grounds`
--

LOCK TABLES `grounds` WRITE;
/*!40000 ALTER TABLE `grounds` DISABLE KEYS */;
INSERT INTO `grounds` VALUES (1,1,'Estufa nr 1',1.00,'Primeira estufa de baixo para cima','S','ground_avatar.png','2021-04-01 10:40:39','2021-04-01 10:40:39',NULL),(2,1,'Estufa nr 2',1.00,'Segunda estufa de baixo para cima','S','ground_avatar.png','2021-04-01 10:40:39','2021-04-01 10:40:39',NULL),(3,1,'Estufa nr 3',1.00,'Terceira estufa de baixo para cima','S','ground_avatar.png','2021-04-01 10:40:39','2021-04-01 10:40:39',NULL),(4,1,'Abacate nr 1',1.00,'Proximo à fazenda','S','ground_avatar.png','2021-04-01 10:40:39','2021-04-01 10:40:39',NULL),(5,1,'Abacate nr 2',5.00,'Proximo às estufas','S','ground_avatar.png','2021-04-01 10:40:39','2021-04-01 11:25:53',NULL),(6,1,'Geral',1.00,'Geral da Fazenda','S','ground_avatar.png','2021-04-01 10:40:39','2021-04-01 10:40:39',NULL),(7,1,'Estufa 4 - 1p',0.10,'Primeiro plantio de pimentão','S','ground_avatar.png','2021-05-23 23:14:32','2021-05-23 23:14:32',NULL),(8,1,'Estufa 5 - 1p',0.10,'Primeiro plantio de pimentão estufa 5','S','ground_avatar.png','2021-05-23 23:15:04','2021-05-23 23:15:04',NULL),(9,1,'Duvalle - Lenha',0.10,'Fazenda Duvalle - Eucaliptos','S','ground_avatar.png','2021-05-28 08:35:53','2021-05-28 08:35:53',NULL);
/*!40000 ALTER TABLE `grounds` ENABLE KEYS */;
UNLOCK TABLES;

--
-- Table structure for table `migrations`
--

DROP TABLE IF EXISTS `migrations`;
/*!40101 SET @saved_cs_client     = @@character_set_client */;
/*!40101 SET character_set_client = utf8 */;
CREATE TABLE `migrations` (
  `id` int(10) unsigned NOT NULL AUTO_INCREMENT,
  `migration` varchar(255) COLLATE utf8mb4_unicode_ci NOT NULL,
  `batch` int(11) NOT NULL,
  PRIMARY KEY (`id`)
) ENGINE=InnoDB AUTO_INCREMENT=21 DEFAULT CHARSET=utf8mb4 COLLATE=utf8mb4_unicode_ci;
/*!40101 SET character_set_client = @saved_cs_client */;

--
-- Dumping data for table `migrations`
--

LOCK TABLES `migrations` WRITE;
/*!40000 ALTER TABLE `migrations` DISABLE KEYS */;
INSERT INTO `migrations` VALUES (1,'2014_10_12_000000_create_users_table',1),(2,'2014_10_12_100000_create_password_resets_table',1),(3,'2019_08_19_000000_create_failed_jobs_table',1),(4,'2021_02_18_192918_create_activities_table',1),(5,'2021_02_18_193714_create_type_activities_table',1),(6,'2021_02_22_191846_create_workers_table',1),(7,'2021_02_24_140324_create_accounts_table',1),(8,'2021_03_05_133927_create_grounds_table',1),(9,'2021_03_05_134039_create_crops_table',1),(10,'2021_03_05_141448_create_accountings_table',1),(11,'2021_03_05_141848_create_products_table',1),(12,'2021_03_10_115842_create_bayers_table',1),(13,'2021_03_10_214335_create_type_accounts_table',1),(14,'2021_03_17_165301_create_sales_table',1),(15,'2021_03_19_054905_create_product_applies_table',1),(16,'2021_04_01_074016_create_competences_table',1),(17,'2021_05_10_111843_create_product_infos_table',2),(18,'2021_05_10_170353_add_manufacturer_table_products',2),(19,'2021_05_21_111902_create_pesticides_table',2),(20,'2021_05_21_160305_create_pesticide_applies_table',2);
/*!40000 ALTER TABLE `migrations` ENABLE KEYS */;
UNLOCK TABLES;

--
-- Table structure for table `password_resets`
--

DROP TABLE IF EXISTS `password_resets`;
/*!40101 SET @saved_cs_client     = @@character_set_client */;
/*!40101 SET character_set_client = utf8 */;
CREATE TABLE `password_resets` (
  `email` varchar(255) COLLATE utf8mb4_unicode_ci NOT NULL,
  `token` varchar(255) COLLATE utf8mb4_unicode_ci NOT NULL,
  `created_at` timestamp NULL DEFAULT NULL,
  KEY `password_resets_email_index` (`email`)
) ENGINE=InnoDB DEFAULT CHARSET=utf8mb4 COLLATE=utf8mb4_unicode_ci;
/*!40101 SET character_set_client = @saved_cs_client */;

--
-- Dumping data for table `password_resets`
--

LOCK TABLES `password_resets` WRITE;
/*!40000 ALTER TABLE `password_resets` DISABLE KEYS */;
/*!40000 ALTER TABLE `password_resets` ENABLE KEYS */;
UNLOCK TABLES;

--
-- Table structure for table `pesticide_applies`
--

DROP TABLE IF EXISTS `pesticide_applies`;
/*!40101 SET @saved_cs_client     = @@character_set_client */;
/*!40101 SET character_set_client = utf8 */;
CREATE TABLE `pesticide_applies` (
  `id` bigint(20) unsigned NOT NULL AUTO_INCREMENT,
  `user_id` bigint(20) unsigned NOT NULL,
  `account_id` bigint(20) unsigned DEFAULT NULL,
  `date` date NOT NULL,
  `pesticide_id` bigint(20) unsigned DEFAULT NULL,
  `worker_id` bigint(20) unsigned DEFAULT NULL,
  `accounting_id` bigint(20) unsigned DEFAULT NULL,
  `ground_id` bigint(20) unsigned DEFAULT NULL,
  `amount` double(10,2) NOT NULL,
  `note` longtext COLLATE utf8mb4_unicode_ci NOT NULL,
  `created_at` timestamp NULL DEFAULT NULL,
  `updated_at` timestamp NULL DEFAULT NULL,
  `deleted_at` timestamp NULL DEFAULT NULL,
  PRIMARY KEY (`id`),
  KEY `pesticide_applies_user_id_foreign` (`user_id`),
  CONSTRAINT `pesticide_applies_user_id_foreign` FOREIGN KEY (`user_id`) REFERENCES `users` (`id`) ON DELETE CASCADE
) ENGINE=InnoDB AUTO_INCREMENT=2 DEFAULT CHARSET=utf8mb4 COLLATE=utf8mb4_unicode_ci;
/*!40101 SET character_set_client = @saved_cs_client */;

--
-- Dumping data for table `pesticide_applies`
--

LOCK TABLES `pesticide_applies` WRITE;
/*!40000 ALTER TABLE `pesticide_applies` DISABLE KEYS */;
INSERT INTO `pesticide_applies` VALUES (1,1,521,'2021-05-04',4,1,2,3,100.00,'Teste de aplicação de insumo - não é real','2021-05-23 23:54:32','2021-05-23 23:54:32',NULL);
/*!40000 ALTER TABLE `pesticide_applies` ENABLE KEYS */;
UNLOCK TABLES;

--
-- Table structure for table `pesticides`
--

DROP TABLE IF EXISTS `pesticides`;
/*!40101 SET @saved_cs_client     = @@character_set_client */;
/*!40101 SET character_set_client = utf8 */;
CREATE TABLE `pesticides` (
  `id` bigint(20) unsigned NOT NULL AUTO_INCREMENT,
  `user_id` bigint(20) unsigned NOT NULL,
  `name` text COLLATE utf8mb4_unicode_ci NOT NULL,
  `description` text COLLATE utf8mb4_unicode_ci NOT NULL,
  `active_principle` text COLLATE utf8mb4_unicode_ci NOT NULL,
  `carencia` int(11) NOT NULL,
  `dosagem` text COLLATE utf8mb4_unicode_ci NOT NULL,
  `indicacoes` text COLLATE utf8mb4_unicode_ci NOT NULL,
  `type_pesticide` text COLLATE utf8mb4_unicode_ci NOT NULL,
  `packing` text COLLATE utf8mb4_unicode_ci NOT NULL,
  `unity` text COLLATE utf8mb4_unicode_ci NOT NULL,
  `manufacturer` text COLLATE utf8mb4_unicode_ci NOT NULL,
  `price` double(10,2) NOT NULL,
  `price_unit` double(10,2) NOT NULL,
  `image` varchar(100) COLLATE utf8mb4_unicode_ci DEFAULT NULL,
  `in_use` enum('S','N') COLLATE utf8mb4_unicode_ci NOT NULL DEFAULT 'S',
  `note` longtext COLLATE utf8mb4_unicode_ci NOT NULL,
  `created_at` timestamp NULL DEFAULT NULL,
  `updated_at` timestamp NULL DEFAULT NULL,
  `deleted_at` timestamp NULL DEFAULT NULL,
  PRIMARY KEY (`id`),
  KEY `pesticides_user_id_foreign` (`user_id`),
  CONSTRAINT `pesticides_user_id_foreign` FOREIGN KEY (`user_id`) REFERENCES `users` (`id`) ON DELETE CASCADE
) ENGINE=InnoDB AUTO_INCREMENT=5 DEFAULT CHARSET=utf8mb4 COLLATE=utf8mb4_unicode_ci;
/*!40101 SET character_set_client = @saved_cs_client */;

--
-- Dumping data for table `pesticides`
--

LOCK TABLES `pesticides` WRITE;
/*!40000 ALTER TABLE `pesticides` DISABLE KEYS */;
INSERT INTO `pesticides` VALUES (1,1,'Teste','Aplicação de Herbicida','Rrrr',4,'1 ml/100l','Mosca Branca','?','Litro','ml','Fasp',1234.00,12.34,'pesticide_1621679612.jpg','S','?','2021-05-22 07:33:32','2021-05-23 22:20:32','2021-05-23 22:20:32'),(2,1,'Sialex 500','Fungicida sistêmico empregado no controle de doenças fungicas em culturas anuais, frutíferas, hortaliças e ornamentais,','Procimidona',3,'10g /100l','Pinta preta, podridão','?','Ikg','g','Sumitomo',240.00,0.24,'pesticide_1621819218.jpg','S','?','2021-05-23 22:20:18','2021-05-23 22:20:18',NULL),(3,1,'Actara 250 WILL GARDNER','Inseticida sistêmico que é rapidamente absorvido e transportado a toda a planta','Tiometaxam',14,'30g/100lt','Mosca branca, Pulgão verde e Vaquinha-verde-amarela','?','1 kg','g','Syngenta',340.00,0.34,'pesticide_1621819989.jpg','S','?','2021-05-23 22:33:09','2021-05-23 22:33:09',NULL),(4,1,'Orkestra SC','Ação na proteção das plantas devido a sua atuação na inibição da germinação dos esporos','Fluxapiroxade, Piraclostrobina',7,'25ml/100lt','Oídio','?','1 Litro','ml','Basf',198.00,0.20,'pesticide_1621820416.jpg','S','?','2021-05-23 22:40:16','2021-05-23 22:40:16',NULL);
/*!40000 ALTER TABLE `pesticides` ENABLE KEYS */;
UNLOCK TABLES;

--
-- Table structure for table `product_applies`
--

DROP TABLE IF EXISTS `product_applies`;
/*!40101 SET @saved_cs_client     = @@character_set_client */;
/*!40101 SET character_set_client = utf8 */;
CREATE TABLE `product_applies` (
  `id` bigint(20) unsigned NOT NULL AUTO_INCREMENT,
  `user_id` bigint(20) unsigned NOT NULL,
  `account_id` bigint(20) unsigned DEFAULT NULL,
  `date` date NOT NULL,
  `product_id` bigint(20) unsigned DEFAULT NULL,
  `worker_id` bigint(20) unsigned DEFAULT NULL,
  `accounting_id` bigint(20) unsigned DEFAULT NULL,
  `ground_id` bigint(20) unsigned DEFAULT NULL,
  `amount` double(10,2) NOT NULL,
  `note` longtext COLLATE utf8mb4_unicode_ci NOT NULL,
  `created_at` timestamp NULL DEFAULT NULL,
  `updated_at` timestamp NULL DEFAULT NULL,
  `deleted_at` timestamp NULL DEFAULT NULL,
  PRIMARY KEY (`id`),
  KEY `product_applies_user_id_foreign` (`user_id`),
  CONSTRAINT `product_applies_user_id_foreign` FOREIGN KEY (`user_id`) REFERENCES `users` (`id`) ON DELETE CASCADE
) ENGINE=InnoDB AUTO_INCREMENT=109 DEFAULT CHARSET=utf8mb4 COLLATE=utf8mb4_unicode_ci;
/*!40101 SET character_set_client = @saved_cs_client */;

--
-- Dumping data for table `product_applies`
--

LOCK TABLES `product_applies` WRITE;
/*!40000 ALTER TABLE `product_applies` DISABLE KEYS */;
INSERT INTO `product_applies` VALUES (1,3,161,'2021-02-03',3,2,2,2,3.00,'...','2021-04-04 10:32:12','2021-04-04 10:32:12',NULL),(2,1,162,'2021-02-03',3,1,2,2,3.00,'...','2021-04-05 14:42:29','2021-04-05 15:00:45','2021-04-05 15:00:45'),(3,1,163,'2021-02-03',3,1,2,3,3.00,'...','2021-04-05 14:42:40','2021-04-05 15:00:51','2021-04-05 15:00:51'),(4,1,164,'2021-02-05',1,1,2,2,3.00,'...','2021-04-05 14:43:13','2021-04-05 15:00:57','2021-04-05 15:00:57'),(5,1,165,'2021-02-05',1,1,2,3,3.00,'...','2021-04-05 14:43:21','2021-04-05 15:01:02','2021-04-05 15:01:02'),(6,3,166,'2021-02-05',1,1,2,2,3.00,'...','2021-04-05 15:02:38','2021-04-05 15:02:38',NULL),(7,3,167,'2021-02-05',1,1,2,3,3.00,'...','2021-04-05 15:02:51','2021-04-05 15:02:51',NULL),(8,3,168,'2021-02-05',7,1,2,2,12.00,'...','2021-04-05 15:03:30','2021-04-19 18:30:42',NULL),(9,3,169,'2021-02-05',7,1,2,3,12.00,'...','2021-04-05 15:03:39','2021-04-19 18:31:05',NULL),(10,3,170,'2021-02-05',15,1,2,2,1200.00,'...','2021-04-05 15:04:12','2021-04-19 18:40:35',NULL),(11,3,171,'2021-02-05',15,1,2,3,1200.00,'...','2021-04-05 15:04:20','2021-04-19 18:40:50',NULL),(12,3,172,'2021-02-03',3,1,2,3,3.00,'...','2021-04-05 15:05:24','2021-04-05 15:05:24',NULL),(13,3,173,'2021-02-08',2,1,2,2,3.00,'...','2021-04-05 15:06:54','2021-04-05 15:06:54',NULL),(14,3,174,'2021-02-08',2,1,2,3,3.00,'...','2021-04-05 15:07:09','2021-04-05 15:07:09',NULL),(15,3,175,'2021-02-08',5,1,2,2,3000.00,'...','2021-04-05 15:08:24','2021-04-19 18:46:00',NULL),(16,3,176,'2021-02-08',5,1,2,3,3000.00,'...','2021-04-05 15:08:42','2021-04-19 18:46:27',NULL),(17,2,187,'2020-10-31',3,1,2,2,8.00,'Total utilizado no mês de out/20','2021-04-19 14:45:07','2021-04-19 14:45:07',NULL),(18,2,188,'2020-10-31',1,1,2,2,8.00,'Total utilizado no mês de out/20','2021-04-19 14:46:16','2021-04-19 14:50:42',NULL),(19,2,189,'2020-11-30',1,1,2,2,8.00,'Total utilizado no mês de nov/20','2021-04-19 14:46:30','2021-04-19 14:51:10',NULL),(20,2,190,'2020-12-31',1,1,2,2,8.00,'Total utilizado no mês de dez/20','2021-04-19 14:47:00','2021-04-19 14:51:20',NULL),(21,2,191,'2021-01-31',1,1,2,2,8.00,'Total utilizado no mês de jan/21','2021-04-19 14:47:29','2021-04-19 14:51:31',NULL),(22,2,192,'2021-01-31',7,1,2,2,12.00,'Total utilizado no mês de jan/21','2021-04-19 14:52:35','2021-04-19 14:52:35',NULL),(23,2,193,'2021-03-31',7,1,2,2,12.00,'Total utilizado no mês de jan/21','2021-04-19 14:53:10','2021-04-19 14:53:10',NULL),(24,2,194,'2021-03-31',1,1,2,2,12.00,'Total utilizado no mês de mar/21','2021-04-19 14:54:02','2021-04-19 14:54:02',NULL),(25,2,195,'2020-10-31',2,1,2,2,8.00,'Total utilizado no mês de out/20','2021-04-19 14:55:19','2021-04-19 14:55:19',NULL),(26,2,196,'2020-11-30',2,1,2,2,8.00,'Total utilizado no mês de nov/20','2021-04-19 14:55:43','2021-04-19 14:55:43',NULL),(27,2,197,'2020-12-30',2,1,2,2,8.00,'Total utilizado no mês de dez/20','2021-04-19 14:56:08','2021-04-19 14:56:08',NULL),(28,2,198,'2021-01-31',2,1,2,2,12.00,'Total utilizado no mês de jan/21','2021-04-19 14:56:57','2021-04-19 14:56:57',NULL),(29,2,199,'2021-03-31',2,1,2,2,12.00,'Total utilizado no mês de mar/21','2021-04-19 14:57:22','2021-04-19 14:57:22',NULL),(30,1,200,'2020-10-31',5,1,2,2,3000.00,'Total utilizado no mês de out/20','2021-04-19 17:51:23','2021-04-19 17:51:23',NULL),(31,1,201,'2020-11-30',5,1,2,2,3000.00,'Total utilizado no mês de nov/20','2021-04-19 17:51:41','2021-04-19 17:51:41',NULL),(32,1,202,'2020-12-30',5,1,2,2,3000.00,'Total utilizado no mês de dez/20','2021-04-19 17:52:03','2021-04-19 17:52:03',NULL),(33,1,203,'2021-01-30',5,1,2,2,3000.00,'Total utilizado no mês de jan/21','2021-04-19 17:52:35','2021-04-19 17:52:35',NULL),(34,1,204,'2021-02-27',5,1,2,2,3000.00,'Total utilizado no mês de fev/21','2021-04-19 17:53:36','2021-04-19 17:53:36',NULL),(35,1,205,'2021-03-31',5,1,2,2,3000.00,'Total utilizado no mês de mar/21','2021-04-19 17:53:56','2021-04-19 17:53:56',NULL),(36,1,206,'2020-10-31',20,1,2,2,240.00,'Total utilizado no mês de out/20','2021-04-19 17:55:25','2021-04-19 17:55:25',NULL),(37,1,207,'2020-11-30',20,1,2,2,240.00,'Total utilizado no mês de nov/20','2021-04-19 17:55:47','2021-04-19 17:55:47',NULL),(38,1,208,'2020-12-30',20,1,2,2,240.00,'Total utilizado no mês de dez/20','2021-04-19 17:56:04','2021-04-19 17:56:04',NULL),(39,1,209,'2021-01-31',20,1,2,2,240.00,'Total utilizado no mês de jan/21','2021-04-19 17:56:43','2021-04-19 17:56:43',NULL),(40,1,210,'2021-03-31',20,1,2,2,240.00,'Total utilizado no mês de mar/21','2021-04-19 17:57:04','2021-04-19 17:57:04',NULL),(41,1,211,'2020-11-30',3,1,2,2,8.00,'Total utilizado no mês de nov/20','2021-04-19 18:00:21','2021-04-19 18:02:12',NULL),(42,1,212,'2020-12-30',3,1,2,2,8.00,'Total utilizado no mês de dez/20','2021-04-19 18:00:49','2021-04-19 18:02:29',NULL),(43,1,213,'2021-01-31',3,1,2,2,8.00,'Total utilizado no mês de jan/21','2021-04-19 18:01:17','2021-04-19 18:02:42',NULL),(44,1,214,'2021-03-31',3,1,2,2,8.00,'Total utilizado no mês de mar/21','2021-04-19 18:01:34','2021-04-19 18:02:53',NULL),(45,1,215,'2020-11-30',3,1,2,3,8.00,'Total utilizado no mês de nov/20','2021-04-19 18:06:35','2021-04-19 18:06:35',NULL),(46,1,216,'2020-12-30',3,1,2,3,8.00,'Total utilizado no mês de dez/20','2021-04-19 18:06:57','2021-04-19 18:06:57',NULL),(47,1,217,'2021-01-30',3,1,2,3,8.00,'Total utilizado no mês de jan/21','2021-04-19 18:07:33','2021-04-19 18:07:33',NULL),(48,1,218,'2021-03-31',3,1,2,3,8.00,'Total utilizado no mês de jan/21','2021-04-19 18:07:58','2021-04-19 18:07:58',NULL),(49,1,219,'2020-11-30',20,1,2,3,240.00,'Total utilizado no mês de nov/20','2021-04-19 18:09:09','2021-04-19 18:09:09',NULL),(50,1,220,'2020-12-30',20,1,2,3,240.00,'Total utilizado no mês de dez/20','2021-04-19 18:10:03','2021-04-19 18:10:03',NULL),(51,1,221,'2021-01-30',20,1,2,3,240.00,'Total utilizado no mês de jan/20','2021-04-19 18:10:20','2021-04-19 18:10:20',NULL),(52,1,222,'2021-02-28',20,1,2,3,240.00,'Total utilizado no mês de fev/20','2021-04-19 18:11:02','2021-04-19 18:11:02',NULL),(53,1,223,'2021-03-30',20,1,2,3,240.00,'Total utilizado no mês de mar/20','2021-04-19 18:11:28','2021-04-19 18:11:28',NULL),(54,1,224,'2020-11-30',1,1,2,3,8.00,'Total utilizado no mês de nov/20','2021-04-19 18:12:27','2021-04-19 18:15:33',NULL),(55,1,225,'2020-12-30',1,1,2,3,8.00,'Total utilizado no mês de dez/20','2021-04-19 18:12:40','2021-04-19 18:16:00',NULL),(56,1,226,'2021-01-30',1,1,2,3,8.00,'Total utilizado no mês de jan/21','2021-04-19 18:13:19','2021-04-19 18:16:26',NULL),(57,1,227,'2021-03-31',1,1,2,3,8.00,'Total utilizado no mês de mar/21','2021-04-19 18:13:36','2021-04-19 18:16:43',NULL),(58,1,228,'2021-01-31',7,1,2,3,12.00,'Total utilizado no mês de jan/21','2021-04-19 18:20:18','2021-04-19 18:20:18',NULL),(59,1,229,'2021-03-31',7,1,2,3,12.00,'Total utilizado no mês de mar/21','2021-04-19 18:20:49','2021-04-19 18:20:49',NULL),(60,1,230,'2020-11-30',15,1,2,3,1200.00,'Total utilizado no mês de nov/20','2021-04-19 18:39:12','2021-04-19 18:39:12',NULL),(61,1,231,'2021-03-31',15,1,2,3,1200.00,'Total utilizado no mês de mar/20','2021-04-19 18:39:59','2021-04-19 18:39:59',NULL),(62,1,232,'2021-01-30',15,1,2,2,1200.00,'Total utilizado no mês de jan/21','2021-04-19 18:42:25','2021-04-19 18:42:25',NULL),(63,1,233,'2021-03-31',15,1,2,2,1200.00,'Total utilizado no mês de mar/21','2021-04-19 18:42:44','2021-04-19 18:42:44',NULL),(64,1,234,'2020-11-30',2,1,2,3,8.00,'Total utilizado no mês de nov/20','2021-04-19 18:44:03','2021-04-19 18:44:03',NULL),(65,1,235,'2020-12-30',2,1,2,3,8.00,'Total utilizado no mês de dez/20','2021-04-19 18:44:18','2021-04-19 18:44:18',NULL),(66,1,236,'2021-01-30',2,1,2,3,8.00,'Total utilizado no mês de jan/21','2021-04-19 18:44:40','2021-04-19 18:44:40',NULL),(67,1,237,'2021-03-31',2,1,2,3,8.00,'Total utilizado no mês de mar/21','2021-04-19 18:45:01','2021-04-19 18:45:01',NULL),(68,6,369,'2021-04-07',4,1,2,2,100.00,'...','2021-05-03 08:30:29','2021-05-03 08:30:29',NULL),(69,6,370,'2021-04-07',9,1,2,2,60.00,'...','2021-05-03 08:31:56','2021-05-03 08:31:56',NULL),(70,6,371,'2021-04-07',10,1,2,2,150.00,'...','2021-05-03 08:32:57','2021-05-03 08:32:57',NULL),(71,6,372,'2021-04-07',5,1,2,2,100.00,'...','2021-05-03 08:33:44','2021-05-03 08:33:44',NULL),(72,6,373,'2021-04-09',8,1,2,2,100.00,'...','2021-05-03 08:34:23','2021-05-03 08:34:23',NULL),(73,6,374,'2021-04-09',17,1,2,2,100.00,'...','2021-05-03 08:38:14','2021-05-03 09:29:32','2021-05-03 09:29:32'),(74,6,375,'2021-04-20',9,1,2,2,110.00,'...','2021-05-03 08:41:30','2021-05-03 08:42:37','2021-05-03 08:42:37'),(75,6,376,'2021-04-20',9,1,2,2,50.00,'...','2021-05-03 08:41:55','2021-05-03 08:41:55',NULL),(76,6,377,'2021-04-20',10,1,2,2,160.00,'...','2021-05-03 08:43:40','2021-05-03 08:43:40',NULL),(77,6,378,'2021-04-20',5,1,2,2,110.00,'...','2021-05-03 08:44:10','2021-05-03 08:44:10',NULL),(78,6,379,'2021-04-23',8,1,2,2,100.00,'...','2021-05-03 08:45:11','2021-05-03 08:45:11',NULL),(79,6,380,'2021-04-23',5,1,2,2,125.00,'...','2021-05-03 08:45:30','2021-05-03 08:46:08','2021-05-03 08:46:08'),(80,6,381,'2021-04-20',17,1,2,2,100.00,'...','2021-05-03 08:48:23','2021-05-03 09:29:20','2021-05-03 09:29:20'),(81,6,382,'2021-04-13',4,1,2,3,60.00,'...','2021-05-03 08:51:40','2021-05-03 08:51:40',NULL),(82,6,383,'2021-04-07',9,1,2,3,50.00,'...','2021-05-03 08:52:20','2021-05-03 08:52:20',NULL),(83,6,384,'2021-04-07',10,1,2,3,150.00,'...','2021-05-03 08:52:52','2021-05-03 08:52:52',NULL),(84,6,385,'2021-04-07',5,1,2,3,100.00,'...','2021-05-03 08:53:06','2021-05-03 08:53:06',NULL),(85,6,386,'2021-04-20',9,1,2,3,50.00,'...','2021-05-03 08:54:10','2021-05-03 08:54:10',NULL),(86,6,387,'2021-04-20',10,1,2,3,160.00,'...','2021-05-03 08:54:31','2021-05-03 08:54:31',NULL),(87,6,388,'2021-04-20',5,1,2,3,110.00,'...','2021-05-03 08:54:48','2021-05-03 08:54:48',NULL),(88,6,389,'2021-04-23',8,1,2,3,100.00,'...','2021-05-03 08:55:30','2021-05-03 08:55:30',NULL),(89,6,390,'2021-04-23',17,1,2,3,100.00,'...','2021-05-03 08:56:00','2021-05-03 09:29:07','2021-05-03 09:29:07'),(90,1,406,'2020-09-08',12,1,2,2,1.00,'...','2021-05-04 19:26:21','2021-05-04 19:28:16',NULL),(91,1,407,'2020-10-21',12,1,2,3,1.00,'...','2021-05-04 19:26:43','2021-05-04 19:28:42',NULL),(92,1,408,'2020-09-08',13,1,2,2,1.00,'...','2021-05-04 19:29:46','2021-05-04 19:29:46',NULL),(93,1,409,'2020-10-21',13,1,2,3,1.00,'...','2021-05-04 19:30:25','2021-05-04 19:30:25',NULL),(94,1,467,'2021-05-05',24,1,2,3,250.00,'...','2021-05-21 10:38:03','2021-05-21 10:40:51',NULL),(95,1,468,'2021-05-07',23,1,2,3,600.00,'...','2021-05-21 10:38:30','2021-05-21 10:39:50',NULL),(96,1,469,'2021-05-12',8,1,2,3,100.00,'...','2021-05-21 10:39:34','2021-05-21 10:39:34',NULL),(97,1,470,'2021-05-12',22,1,2,3,100.00,'...','2021-05-21 10:41:29','2021-05-21 10:41:29',NULL),(98,1,471,'2021-05-12',21,1,2,3,100.00,'...','2021-05-21 10:41:44','2021-05-21 10:41:44',NULL),(99,1,472,'2021-05-13',24,1,2,3,600.00,'...','2021-05-21 10:42:04','2021-05-21 10:42:04',NULL),(100,1,473,'2021-05-05',24,1,2,2,300.00,'...','2021-05-21 10:43:34','2021-05-21 10:43:34',NULL),(101,1,474,'2021-05-07',8,1,2,2,150.00,'...','2021-05-21 10:44:02','2021-05-21 10:44:02',NULL),(102,1,475,'2021-05-07',22,1,2,2,200.00,'...','2021-05-21 10:44:39','2021-05-21 10:44:39',NULL),(103,1,476,'2021-05-11',23,1,2,2,620.00,'...','2021-05-21 10:45:23','2021-05-21 10:45:23',NULL),(104,1,477,'2021-05-13',24,1,2,2,200.00,'...','2021-05-21 10:45:48','2021-05-21 10:45:48',NULL),(105,1,478,'2021-04-27',23,1,2,3,610.00,'...','2021-05-21 10:47:10','2021-05-21 10:47:10',NULL),(106,1,479,'2021-04-27',23,1,2,2,600.00,'...','2021-05-21 10:48:17','2021-05-21 10:48:17',NULL),(107,1,480,'2021-04-29',24,1,2,2,110.00,'...','2021-05-21 10:48:49','2021-05-21 10:48:49',NULL),(108,8,503,'2021-05-22',22,1,2,2,11.00,'...','2021-05-22 09:14:46','2021-05-22 09:16:28','2021-05-22 09:16:28');
/*!40000 ALTER TABLE `product_applies` ENABLE KEYS */;
UNLOCK TABLES;

--
-- Table structure for table `product_infos`
--

DROP TABLE IF EXISTS `product_infos`;
/*!40101 SET @saved_cs_client     = @@character_set_client */;
/*!40101 SET character_set_client = utf8 */;
CREATE TABLE `product_infos` (
  `id` bigint(20) unsigned NOT NULL AUTO_INCREMENT,
  `user_id` bigint(20) unsigned NOT NULL,
  `name` text COLLATE utf8mb4_unicode_ci NOT NULL,
  `description` text COLLATE utf8mb4_unicode_ci NOT NULL,
  `type_product` text COLLATE utf8mb4_unicode_ci NOT NULL,
  `packing` text COLLATE utf8mb4_unicode_ci NOT NULL,
  `unity` text COLLATE utf8mb4_unicode_ci NOT NULL,
  `price` double(10,2) NOT NULL,
  `price_unit` double(10,2) NOT NULL,
  `image` varchar(100) COLLATE utf8mb4_unicode_ci DEFAULT NULL,
  `in_use` enum('S','N') COLLATE utf8mb4_unicode_ci NOT NULL DEFAULT 'S',
  `note` longtext COLLATE utf8mb4_unicode_ci NOT NULL,
  `created_at` timestamp NULL DEFAULT NULL,
  `updated_at` timestamp NULL DEFAULT NULL,
  PRIMARY KEY (`id`),
  KEY `product_infos_user_id_foreign` (`user_id`),
  CONSTRAINT `product_infos_user_id_foreign` FOREIGN KEY (`user_id`) REFERENCES `users` (`id`) ON DELETE CASCADE
) ENGINE=InnoDB DEFAULT CHARSET=utf8mb4 COLLATE=utf8mb4_unicode_ci;
/*!40101 SET character_set_client = @saved_cs_client */;

--
-- Dumping data for table `product_infos`
--

LOCK TABLES `product_infos` WRITE;
/*!40000 ALTER TABLE `product_infos` DISABLE KEYS */;
/*!40000 ALTER TABLE `product_infos` ENABLE KEYS */;
UNLOCK TABLES;

--
-- Table structure for table `products`
--

DROP TABLE IF EXISTS `products`;
/*!40101 SET @saved_cs_client     = @@character_set_client */;
/*!40101 SET character_set_client = utf8 */;
CREATE TABLE `products` (
  `id` bigint(20) unsigned NOT NULL AUTO_INCREMENT,
  `user_id` bigint(20) unsigned NOT NULL,
  `name` text COLLATE utf8mb4_unicode_ci NOT NULL,
  `description` text COLLATE utf8mb4_unicode_ci NOT NULL,
  `manufacturer` varchar(255) COLLATE utf8mb4_unicode_ci DEFAULT NULL,
  `type_product` text COLLATE utf8mb4_unicode_ci NOT NULL,
  `packing` text COLLATE utf8mb4_unicode_ci NOT NULL,
  `unity` text COLLATE utf8mb4_unicode_ci NOT NULL,
  `price` double(10,2) NOT NULL,
  `price_unit` double(10,2) NOT NULL,
  `image` varchar(100) COLLATE utf8mb4_unicode_ci DEFAULT NULL,
  `in_use` enum('S','N') COLLATE utf8mb4_unicode_ci NOT NULL DEFAULT 'S',
  `note` longtext COLLATE utf8mb4_unicode_ci NOT NULL,
  `created_at` timestamp NULL DEFAULT NULL,
  `updated_at` timestamp NULL DEFAULT NULL,
  `deleted_at` timestamp NULL DEFAULT NULL,
  PRIMARY KEY (`id`),
  KEY `products_user_id_foreign` (`user_id`),
  CONSTRAINT `products_user_id_foreign` FOREIGN KEY (`user_id`) REFERENCES `users` (`id`) ON DELETE CASCADE
) ENGINE=InnoDB AUTO_INCREMENT=25 DEFAULT CHARSET=utf8mb4 COLLATE=utf8mb4_unicode_ci;
/*!40101 SET character_set_client = @saved_cs_client */;

--
-- Dumping data for table `products`
--

LOCK TABLES `products` WRITE;
/*!40000 ALTER TABLE `products` DISABLE KEYS */;
INSERT INTO `products` VALUES (1,1,'Nitrato de Calcio Haifa','Comprado em 05/03/2021 - 2 sacos',NULL,'?','Saco de 25 Kg','Kg',89.57,3.59,'product_1617930185.jpg','S','?','2021-04-01 10:40:39','2021-04-08 22:03:05',NULL),(2,1,'MAP Purificado 12.61 Haifa','Comprado em 05/03/2021 - 2 sacos',NULL,'?','Saco de 25 Kg','Kg',220.14,8.00,'product_1617930161.jpg','S','?','2021-04-01 10:40:39','2021-04-08 22:02:41',NULL),(3,1,'MKP 00.52.34 Haifa','Comprado em 05/03/2021 - 1 sacos',NULL,'?','Saco de 25 Kg','Kg',274.67,11.00,'product_1617930120.jpg','S','?','2021-04-01 10:40:39','2021-04-08 22:02:00',NULL),(4,1,'Furiu s Fert  01 L','Comprado em 05/03/2021 - 1 litro',NULL,'?','Litro','ml',80.22,0.08,'product_1617930204.jpg','S','?','2021-04-01 10:40:39','2021-04-08 22:03:24',NULL),(5,1,'Avalon Sulfato de Magnesio','Fertiliza Avalon - 1 litro',NULL,'?','Litro','ml',274.25,0.27,'product_1617930221.jpg','S','?','2021-04-01 10:40:39','2021-04-19 17:50:16',NULL),(6,1,'Connect Onu 2902','Comprado em 05/03/2021 - 1 litro',NULL,'S','Litro','ml',69.14,0.70,'product_avatar.png','S','?','2021-04-01 10:40:39','2021-04-01 10:40:39',NULL),(7,1,'Nitrato de potássio Haifa','Comprado em 05/03/2021 - 25 Kg',NULL,'?','saco 1kg','1',179.25,7.17,'product_1617930266.jpg','S','?','2021-04-01 10:40:39','2021-04-19 18:33:15',NULL),(8,1,'Feriliza Aminoprol','Comprado em 05/03/2021 - 1 litro',NULL,'?','Litro','ml',141.88,0.14,'product_1617930286.jpg','S','?','2021-04-01 10:40:39','2021-04-08 22:04:46',NULL),(9,1,'Fertiliza Patrono','Comprado em 05/03/2021 - 1 litro',NULL,'?','Litro','ml',425.22,0.43,'product_1617930308.jpg','S','?','2021-04-01 10:40:39','2021-04-08 22:05:08',NULL),(10,1,'Fertiliza Aliado','Comprado em 05/03/2021 - 1 litro',NULL,'?','Litro','ml',182.16,0.18,'product_1617930340.jpg','S','?','2021-04-01 10:40:39','2021-04-08 22:05:40',NULL),(11,1,'Não se aplica','Quando do cadastro de atividade não há utilização de produto',NULL,'S','NA','NA',0.01,0.01,'product_avatar.png','S','?','2021-04-01 10:40:39','2021-04-01 10:40:39',NULL),(12,1,'Semente  Pimentão Amarelo Camaro  - 1 pc = 1000 sem','Semente de pimentão amarelo',NULL,'?','Pacote c/ 1000 sem - Comprado em 05/08/21','pc',930.00,930.00,'product_avatar.png','S','?','2021-04-05 14:18:21','2021-04-05 14:22:19',NULL),(13,1,'Semente Pimentão Vermelho Taurus  - 1 pc = 1000 sem','Semente de pimentão amarelo',NULL,'?','Pacote c/ 1000 sem  - Comprado em 05/08/21','pc',930.00,930.00,'product_avatar.png','S','?','2021-04-05 14:19:41','2021-04-05 14:22:39',NULL),(14,1,'Fertiliza Cab Plus 05 L','Fertiliza Cab Plus 05 L - Comprado 21/08/20 - validade 28/02/22',NULL,'?','5 lt','ml',227.92,0.05,'product_avatar.png','S','?','2021-04-05 14:55:15','2021-04-05 14:55:15',NULL),(15,1,'Fertiliza Irriga Fert Max Plus 05 Kg','Fertiliza Irriga Fert Max Plus 05 Kg - Comprado em 31/07/20',NULL,'?','5 Kg','g',210.96,0.05,'product_avatar.png','S','?','2021-04-05 14:58:52','2021-04-05 14:58:52',NULL),(16,1,'Collis','Collis Onu',NULL,'?','Litro','lt',338.30,0.34,'product_avatar.png','S','?','2021-04-08 22:07:03','2021-04-08 22:07:03',NULL),(17,1,'Sabre','Sabre Onu',NULL,'?','Litro','lt',77.70,0.08,'product_avatar.png','S','?','2021-04-08 22:08:11','2021-04-08 22:08:11',NULL),(18,1,'Cobre','Brandt Smart Cobre',NULL,'?','Litro','lt',110.07,0.11,'product_avatar.png','S','?','2021-04-08 22:09:40','2021-04-08 22:09:40',NULL),(19,1,'Cálcio','Brandt Manni-Plex CA',NULL,'?','Litro','lt',0.10,0.10,'product_avatar.png','S','?','2021-04-08 22:18:56','2021-04-08 22:18:56',NULL),(20,1,'Leonardita','Fertiliza Irriga Fert Leonardita',NULL,'?','Pacote 1kg','gr',94.44,0.09,'product_avatar.png','S','?','2021-04-19 17:43:22','2021-04-19 17:46:31',NULL),(21,1,'Alga Plus','Fertiliza Alga Plus 01 lt',NULL,'?','Litro','ml',84.00,0.08,'product_avatar.png','S','?','2021-05-03 09:21:52','2021-05-03 09:21:52',NULL),(22,1,'Bioflor','Fetiliza Bioflor 01 L',NULL,'?','Litro','ml',109.76,0.11,'product_avatar.png','S','?','2021-05-03 09:23:31','2021-05-03 09:23:31',NULL),(23,1,'Sulflur','Fertiliza Sulflur 05 L',NULL,'?','Litro','ml',130.00,0.03,'product_avatar.png','S','?','2021-05-03 09:25:29','2021-05-03 09:25:29',NULL),(24,1,'Ranger','Fertiliza Ranger 01 L',NULL,'?','Litro','ml',86.00,0.08,'product_avatar.png','S','?','2021-05-03 09:26:53','2021-05-03 09:26:53',NULL);
/*!40000 ALTER TABLE `products` ENABLE KEYS */;
UNLOCK TABLES;

--
-- Table structure for table `sales`
--

DROP TABLE IF EXISTS `sales`;
/*!40101 SET @saved_cs_client     = @@character_set_client */;
/*!40101 SET character_set_client = utf8 */;
CREATE TABLE `sales` (
  `id` bigint(20) unsigned NOT NULL AUTO_INCREMENT,
  `user_id` bigint(20) unsigned NOT NULL,
  `account_id` bigint(20) unsigned DEFAULT NULL,
  `date` date NOT NULL,
  `date_pay` date NOT NULL,
  `crop_id` bigint(20) unsigned DEFAULT NULL,
  `ground_id` bigint(20) unsigned DEFAULT NULL,
  `type_account_id` bigint(20) unsigned DEFAULT NULL,
  `amount` double(10,2) NOT NULL,
  `unity` text COLLATE utf8mb4_unicode_ci NOT NULL,
  `price_unit` double(10,2) NOT NULL,
  `discount` double(5,2) NOT NULL,
  `bayer_id` bigint(20) unsigned DEFAULT NULL,
  `note` longtext COLLATE utf8mb4_unicode_ci NOT NULL,
  `created_at` timestamp NULL DEFAULT NULL,
  `updated_at` timestamp NULL DEFAULT NULL,
  `deleted_at` timestamp NULL DEFAULT NULL,
  PRIMARY KEY (`id`),
  KEY `sales_user_id_foreign` (`user_id`),
  CONSTRAINT `sales_user_id_foreign` FOREIGN KEY (`user_id`) REFERENCES `users` (`id`) ON DELETE CASCADE
) ENGINE=InnoDB AUTO_INCREMENT=206 DEFAULT CHARSET=utf8mb4 COLLATE=utf8mb4_unicode_ci;
/*!40101 SET character_set_client = @saved_cs_client */;

--
-- Dumping data for table `sales`
--

LOCK TABLES `sales` WRITE;
/*!40000 ALTER TABLE `sales` DISABLE KEYS */;
INSERT INTO `sales` VALUES (1,5,1,'2020-12-29','2020-12-29',1,2,3,11.00,'cx',40.00,0.00,3,'...','2021-04-01 10:44:41','2021-04-01 10:44:41',NULL),(2,5,2,'2020-12-29','2020-12-29',3,2,3,3.00,'cx',30.00,0.00,3,'...','2021-04-01 10:45:20','2021-04-01 10:45:20',NULL),(3,5,3,'2021-01-05','2021-01-05',1,2,3,34.00,'cx',20.00,0.00,3,'...','2021-04-01 10:46:12','2021-04-01 10:46:12',NULL),(4,5,4,'2021-01-07','2021-01-07',1,2,3,25.00,'cx',20.00,0.00,3,'...','2021-04-01 10:46:37','2021-04-01 10:46:37',NULL),(5,5,5,'2021-01-12','2021-01-12',1,2,3,30.00,'cx',10.00,0.00,3,'...','2021-04-01 10:47:07','2021-04-01 10:47:07',NULL),(6,5,6,'2021-01-21','2021-01-21',1,2,3,45.00,'cx',20.00,0.00,3,'...','2021-04-01 10:47:52','2021-04-01 10:47:52',NULL),(7,5,7,'2021-01-21','2021-01-21',1,2,3,6.00,'cx',35.00,0.00,4,'...','2021-04-01 10:49:06','2021-04-01 10:49:06',NULL),(8,5,8,'2021-01-24','2021-01-24',1,2,3,40.00,'cx',25.00,0.00,3,'...','2021-04-01 10:50:04','2021-04-01 10:50:04',NULL),(9,5,9,'2021-01-25','2021-01-25',1,2,3,4.00,'cx',40.00,0.00,3,'...','2021-04-01 10:51:05','2021-04-01 10:51:05',NULL),(10,5,10,'2021-01-31','2021-01-31',1,2,3,53.00,'cx',25.00,0.00,3,'...','2021-04-01 10:51:54','2021-04-01 10:51:54',NULL),(11,5,11,'2021-02-01','2021-02-01',1,2,3,4.00,'cx',35.00,0.00,3,'...','2021-04-01 10:52:35','2021-04-01 10:52:35',NULL),(12,5,12,'2021-02-01','2021-02-01',3,2,3,2.00,'cx',35.00,0.00,4,'...','2021-04-01 10:53:24','2021-04-01 10:53:24',NULL),(13,5,13,'2021-02-01','2021-02-01',2,2,3,2.00,'cx',35.00,0.00,4,'...','2021-04-01 10:53:36','2021-04-01 10:53:36',NULL),(14,5,14,'2021-02-02','2021-02-02',1,2,3,13.00,'cx',25.00,0.00,3,'...','2021-04-01 10:54:23','2021-04-01 10:54:23',NULL),(15,5,15,'2021-02-02','2021-02-02',7,2,3,3.00,'cx',10.00,0.00,3,'...','2021-04-01 10:58:10','2021-04-01 10:58:10',NULL),(16,5,16,'2021-02-09','2021-03-31',2,2,3,16.00,'cx',65.00,9.00,1,'...','2021-04-01 10:59:36','2021-04-16 09:09:51',NULL),(17,5,17,'2021-02-09','2021-03-31',3,2,3,20.00,'cx',65.00,9.00,1,'...','2021-04-01 11:00:09','2021-04-16 09:10:35',NULL),(18,5,18,'2021-02-09','2021-02-09',1,2,3,2.00,'cx',35.00,0.00,4,'...','2021-04-01 11:00:44','2021-04-01 11:00:44',NULL),(19,5,19,'2021-02-11','2021-02-11',1,2,3,2.00,'cx',45.00,0.00,4,'...','2021-04-01 11:01:04','2021-04-01 11:01:04',NULL),(20,5,20,'2021-02-11','2021-02-11',1,2,3,14.00,'cx',35.00,0.00,3,'...','2021-04-01 11:01:30','2021-04-01 11:02:29',NULL),(21,5,21,'2021-02-16','2021-04-09',2,2,3,12.00,'cx',35.00,9.00,1,'...','2021-04-01 11:08:41','2021-04-28 22:18:34',NULL),(22,5,22,'2021-02-16','2021-04-09',3,2,3,12.00,'cx',35.00,9.00,1,'...','2021-04-01 11:09:12','2021-04-28 22:19:09',NULL),(23,5,23,'2021-02-16','2021-02-16',1,2,3,5.00,'cx',30.00,0.00,3,'No caderno do Paulo não tem valor','2021-04-01 11:10:41','2021-04-26 09:00:47',NULL),(24,5,24,'2021-02-19','2021-02-19',1,2,3,15.00,'cx',30.00,0.00,3,'No caderno do Paulo não tem valor','2021-04-01 11:11:06','2021-04-26 09:01:11',NULL),(25,5,25,'2021-02-25','2021-02-25',2,2,3,8.00,'cx',45.00,9.00,1,'...','2021-04-01 11:11:57','2021-04-19 14:31:26',NULL),(26,5,26,'2021-02-25','2021-02-25',3,2,3,8.00,'cx',45.00,9.00,1,'...','2021-04-01 11:12:33','2021-04-19 14:31:42',NULL),(27,5,27,'2021-02-25','2021-02-25',1,2,3,3.00,'cx',40.00,0.00,4,'...','2021-04-01 11:15:17','2021-04-01 11:15:17',NULL),(28,5,28,'2021-02-25','2021-02-25',1,2,3,1.00,'cx',35.00,0.00,3,'No caderno do Paulo não tem valor','2021-04-01 11:15:43','2021-04-26 09:05:04',NULL),(29,5,87,'2021-01-28','2021-01-28',6,5,3,60.00,'sc',7.00,0.00,5,'José Luiz','2021-04-01 15:42:49','2021-04-01 15:42:49',NULL),(30,5,88,'2021-01-28','2021-01-28',6,5,3,30.00,'Kg',7.00,0.00,5,'Mae do José Luiz','2021-04-01 15:43:30','2021-04-01 15:43:30',NULL),(31,5,89,'2021-01-28','2021-01-28',6,5,3,40.00,'Kg',7.00,0.00,5,'Andre','2021-04-01 15:44:23','2021-04-01 15:44:23',NULL),(32,5,90,'2021-01-28','2021-01-28',6,5,3,50.00,'Kg',7.00,0.00,5,'Joao','2021-04-01 15:44:43','2021-04-01 15:44:43',NULL),(33,5,91,'2021-01-28','2021-01-28',6,5,3,100.00,'Kg',6.50,0.00,5,'Valdeci','2021-04-01 15:46:48','2021-04-01 15:46:48',NULL),(34,5,92,'2021-02-01','2021-02-01',6,5,3,40.00,'Kg',7.00,0.00,5,'Paulo Miranda','2021-04-01 15:47:55','2021-04-01 15:47:55',NULL),(35,5,93,'2021-02-01','2021-02-01',6,5,3,10.00,'Kg',7.00,0.00,5,'Jair','2021-04-01 15:48:13','2021-04-01 15:48:13',NULL),(36,5,94,'2021-02-03','2021-02-03',6,5,3,15.00,'Kg',7.00,0.00,5,'Fabia','2021-04-01 15:48:48','2021-04-01 15:48:48',NULL),(37,5,95,'2021-02-03','2021-02-03',6,5,3,15.00,'Kg',7.00,0.00,5,'Tiago','2021-04-01 15:49:13','2021-04-01 15:49:13',NULL),(38,5,96,'2021-02-05','2021-02-05',6,5,3,20.00,'Kg',7.00,0.00,5,'Paulo Pai','2021-04-01 15:49:36','2021-04-01 15:49:36',NULL),(39,5,97,'2021-02-05','2021-02-05',6,5,3,20.00,'Kg',7.00,0.00,5,'Tico','2021-04-01 15:50:14','2021-04-01 15:50:14',NULL),(40,5,98,'2021-02-06','2021-02-06',6,5,3,25.00,'Kg',7.00,0.00,5,'Silvano','2021-04-01 15:50:42','2021-04-01 15:50:42',NULL),(41,5,99,'2021-02-06','2021-02-06',6,5,3,50.00,'Kg',7.00,0.00,5,'Adilson','2021-04-01 15:51:30','2021-04-01 15:51:30',NULL),(42,5,100,'2021-02-06','2021-02-06',6,5,3,30.00,'Kg',7.00,0.00,5,'Manuel','2021-04-01 15:51:55','2021-04-01 15:51:55',NULL),(43,5,101,'2021-02-06','2021-02-06',6,5,3,10.00,'Kg',7.00,0.00,5,'Fabia','2021-04-01 15:52:12','2021-04-01 15:52:12',NULL),(44,5,102,'2021-02-18','2021-02-18',6,5,3,30.00,'Kg',6.00,0.00,5,'Junior','2021-04-01 15:54:37','2021-04-01 15:54:37',NULL),(45,5,103,'2021-02-18','2021-02-18',6,5,3,10.00,'Kg',6.00,0.00,5,'Vagner','2021-04-01 15:54:58','2021-04-01 15:54:58',NULL),(46,5,104,'2021-02-18','2021-02-18',6,5,3,50.00,'Kg',6.00,0.00,5,'Junior','2021-04-01 15:55:27','2021-04-01 15:55:27',NULL),(47,5,105,'2021-02-18','2021-02-18',6,5,3,50.00,'Kg',6.00,0.00,5,'Valdeci','2021-04-01 15:55:47','2021-04-01 15:55:47',NULL),(48,5,106,'2021-02-18','2021-02-18',6,5,3,5.00,'sc',250.00,0.00,5,'Colega do Junior','2021-04-01 15:56:38','2021-04-01 15:56:38',NULL),(49,5,107,'2021-02-18','2021-02-18',6,5,3,50.00,'Kg',6.00,0.00,5,'Dedé','2021-04-01 15:57:13','2021-04-01 15:57:13',NULL),(50,5,108,'2021-02-09','2021-02-09',4,4,3,2.00,'cx',30.00,0.00,3,'...','2021-04-01 15:58:59','2021-04-01 15:58:59',NULL),(51,5,109,'2021-02-09','2021-02-09',4,4,3,1.00,'cx',50.00,0.00,6,'Junior','2021-04-01 15:59:23','2021-04-01 16:04:46',NULL),(52,5,110,'2021-02-16','2021-02-16',4,4,3,4.00,'cx',30.00,0.00,3,'Preço nao informado','2021-04-01 16:00:13','2021-05-03 16:53:12',NULL),(53,5,111,'2021-02-18','2021-02-18',4,4,3,1.00,'cx',30.00,0.00,3,'Preço nao informado','2021-04-01 16:00:36','2021-05-03 16:53:59',NULL),(54,5,112,'2021-02-18','2021-02-18',4,4,3,1.00,'cx',50.00,0.00,6,'Junior','2021-04-01 16:00:59','2021-04-01 16:05:16',NULL),(55,5,113,'2021-02-26','2021-02-26',4,4,3,2.00,'cx',45.00,0.00,6,'...','2021-04-01 16:01:26','2021-04-01 16:05:44',NULL),(56,5,114,'2021-02-09','2021-02-09',8,1,3,1.00,'cx',35.00,0.00,6,'...','2021-04-01 16:06:42','2021-04-01 16:06:42',NULL),(57,5,115,'2021-02-18','2021-02-18',8,1,3,5.00,'cx',30.00,0.00,6,'...','2021-04-01 16:07:04','2021-04-01 16:07:04',NULL),(58,5,116,'2021-02-25','2021-02-25',8,1,3,6.00,'cx',15.00,0.00,3,'Preço não informado','2021-04-01 16:07:48','2021-05-03 16:54:37',NULL),(59,5,117,'2021-02-09','2021-02-09',3,3,3,18.00,'cx',65.00,9.00,1,'...','2021-04-04 02:06:55','2021-04-16 09:07:15',NULL),(60,5,118,'2021-02-09','2021-02-09',2,3,3,2.00,'cx',65.00,9.00,1,'...','2021-04-04 02:07:30','2021-04-16 09:07:43',NULL),(61,5,119,'2021-02-11','2021-02-11',1,3,3,30.00,'cx',35.00,0.00,3,'...','2021-04-04 02:08:24','2021-04-04 02:08:24',NULL),(62,5,120,'2021-02-11','2021-02-11',7,3,3,1.00,'cx',12.00,0.00,3,'...','2021-04-04 02:08:51','2021-04-04 02:08:51',NULL),(63,5,121,'2021-02-16','2021-04-09',2,3,3,9.00,'cx',35.00,9.00,1,'...','2021-04-04 02:09:38','2021-04-28 22:18:16',NULL),(64,5,122,'2021-02-16','2021-04-09',3,3,3,13.00,'cx',35.00,9.00,1,'...','2021-04-04 02:10:21','2021-04-28 22:19:27',NULL),(65,5,123,'2021-02-18','2021-02-18',1,3,3,14.00,'cx',30.00,0.00,3,'Valor nao esta no livro','2021-04-04 02:11:49','2021-04-26 09:03:14',NULL),(66,5,124,'2021-02-18','2021-02-18',7,3,3,2.00,'cx',15.00,0.00,3,'Valor nao esta no livro','2021-04-04 02:14:15','2021-04-26 09:03:41',NULL),(67,5,125,'2021-02-18','2021-02-18',1,3,3,2.00,'cx',40.00,0.00,6,'...','2021-04-04 02:15:18','2021-04-04 02:40:06',NULL),(68,5,126,'2021-02-18','2021-02-18',2,3,3,1.00,'cx',45.00,0.00,4,'...','2021-04-04 02:20:41','2021-04-04 02:20:41',NULL),(69,5,127,'2021-02-18','2021-02-18',3,3,3,1.00,'cx',45.00,0.00,4,'...','2021-04-04 02:20:50','2021-04-04 02:20:50',NULL),(70,5,128,'2021-02-25','2021-02-25',2,3,3,7.00,'cx',45.00,9.00,1,'...','2021-04-04 02:21:45','2021-04-19 14:32:29',NULL),(71,5,129,'2021-02-25','2021-02-25',3,3,3,8.00,'cx',45.00,9.00,1,'...','2021-04-04 02:22:21','2021-04-19 14:32:49',NULL),(72,5,130,'2021-02-25','2021-02-25',1,3,3,1.00,'cx',40.00,0.00,4,'...','2021-04-04 02:23:28','2021-04-04 02:23:28',NULL),(73,5,131,'2021-02-25','2021-02-25',2,3,3,2.00,'cx',45.00,0.00,4,'...','2021-04-04 02:24:45','2021-04-04 02:24:45',NULL),(74,5,132,'2021-02-25','2021-02-25',3,3,3,3.00,'cx',45.00,0.00,4,'...','2021-04-04 02:25:20','2021-04-04 02:25:20',NULL),(75,5,133,'2021-03-04','2021-03-04',2,3,3,7.00,'cx',45.00,9.00,1,'...','2021-04-04 02:25:49','2021-04-19 14:33:12',NULL),(76,5,134,'2021-03-04','2021-03-04',3,3,3,8.00,'cx',45.00,9.00,1,'...','2021-04-04 02:26:16','2021-04-19 14:33:40',NULL),(77,5,135,'2021-03-11','2021-03-11',3,3,3,10.00,'cx',55.00,9.00,1,'...','2021-04-04 02:26:45','2021-04-19 14:34:08',NULL),(78,5,136,'2021-03-04','2021-03-04',7,3,3,4.00,'cx',40.00,0.00,2,'...','2021-04-04 02:27:50','2021-04-04 02:27:50',NULL),(79,5,137,'2021-02-04','2021-02-04',1,3,3,4.00,'cx',20.00,0.00,2,'...','2021-04-04 02:32:32','2021-04-04 02:32:32',NULL),(80,5,138,'2021-03-11','2021-03-11',2,3,3,5.00,'cx',55.00,9.00,1,'...','2021-04-04 02:35:43','2021-04-19 14:34:50',NULL),(81,5,139,'2021-03-16','2021-03-16',2,3,3,11.00,'cx',53.00,9.00,1,'...','2021-04-04 02:36:29','2021-04-19 14:37:15',NULL),(82,5,140,'2021-03-16','2021-03-16',3,3,3,15.00,'cx',53.00,9.00,1,'...','2021-04-04 02:36:50','2021-04-19 14:37:40',NULL),(83,5,141,'2021-03-18','2021-03-18',2,3,3,5.00,'cx',50.00,9.00,1,'...','2021-04-04 02:37:57','2021-04-19 14:38:13',NULL),(84,5,142,'2021-03-23','2021-03-23',3,3,3,17.00,'cx',50.00,9.00,1,'...','2021-04-04 02:39:05','2021-04-19 20:33:04',NULL),(85,5,143,'2021-03-23','2021-03-23',2,3,3,22.00,'cx',50.00,9.00,1,'...','2021-04-04 02:39:21','2021-04-19 20:33:37',NULL),(86,5,144,'2021-03-23','2021-03-23',1,3,3,1.00,'cx',50.00,9.00,1,'...','2021-04-04 02:39:39','2021-04-19 20:34:00',NULL),(87,5,145,'2021-03-04','2021-03-04',2,2,3,23.00,'cx',45.00,9.00,1,'...','2021-04-04 02:45:11','2021-04-19 20:37:54',NULL),(88,5,146,'2021-03-04','2021-03-04',3,2,3,26.00,'cx',45.00,9.00,1,'...','2021-04-04 02:45:28','2021-04-19 20:39:00',NULL),(89,5,147,'2021-03-11','2021-03-11',2,2,3,15.00,'cx',55.00,9.00,1,'...','2021-04-04 02:46:05','2021-04-19 20:39:51',NULL),(90,5,148,'2021-03-11','2021-03-11',3,2,3,24.00,'cx',55.00,9.00,1,'...','2021-04-04 02:46:21','2021-04-19 20:40:48',NULL),(91,5,149,'2021-03-11','2021-03-11',2,2,3,5.00,'cx',55.00,9.00,1,'sem informacao de preco','2021-04-04 02:47:10','2021-04-19 20:36:44',NULL),(92,5,150,'2021-03-11','2021-03-11',3,2,3,4.00,'cx',55.00,9.00,1,'sem informacao de preco','2021-04-04 02:47:22','2021-04-19 20:37:19',NULL),(93,5,151,'2021-03-16','2021-03-16',2,2,3,18.00,'cx',53.00,9.00,1,'...','2021-04-04 02:48:08','2021-04-19 20:41:40',NULL),(94,5,152,'2021-03-16','2021-03-16',3,2,3,22.00,'cx',53.00,9.00,1,'...','2021-04-04 02:49:04','2021-04-19 20:41:56',NULL),(95,5,153,'2021-03-18','2021-03-18',3,2,3,14.00,'cx',50.00,9.00,1,'...','2021-04-04 02:49:41','2021-04-19 20:42:40',NULL),(96,5,154,'2021-03-18','2021-03-18',2,2,3,12.00,'cx',50.00,9.00,1,'...','2021-04-04 02:50:07','2021-04-19 20:43:01',NULL),(97,5,155,'2021-03-18','2021-03-18',2,2,3,1.00,'cx',40.00,0.00,4,'...','2021-04-04 02:55:13','2021-04-04 02:55:13',NULL),(98,5,156,'2021-03-18','2021-03-18',3,2,3,1.00,'cx',40.00,0.00,4,'...','2021-04-04 02:55:21','2021-04-04 02:55:21',NULL),(99,5,157,'2021-03-23','2021-03-23',3,2,3,38.00,'cx',50.00,9.00,1,'...','2021-04-04 02:56:05','2021-04-19 20:43:46',NULL),(100,5,158,'2021-03-23','2021-03-23',2,2,3,43.00,'cx',50.00,9.00,1,'...','2021-04-04 02:56:28','2021-04-19 20:45:59',NULL),(101,5,159,'2021-03-23','2021-03-23',2,2,3,2.00,'cx',30.00,9.00,1,'Miudo','2021-04-04 02:57:31','2021-04-19 20:46:16',NULL),(102,5,160,'2021-03-23','2021-03-23',1,2,3,2.00,'cx',35.00,40.00,4,'Sem informação de preco','2021-04-04 02:58:25','2021-04-26 09:17:30',NULL),(103,2,177,'2021-03-31','2021-03-31',2,2,3,45.00,'cx',55.00,9.00,1,'...','2021-04-08 15:31:22','2021-04-19 20:46:36',NULL),(104,2,178,'2021-03-31','2021-03-31',3,2,3,36.00,'cx',55.00,9.00,1,'...','2021-04-08 15:32:15','2021-04-19 20:46:52',NULL),(105,1,179,'2021-03-31','2021-03-31',10,2,3,6.00,'cx',30.00,9.00,1,'...','2021-04-08 15:36:39','2021-04-19 20:47:10',NULL),(106,1,180,'2021-03-31','2021-03-31',9,2,3,5.00,'cx',30.00,9.00,1,'...','2021-04-08 15:37:23','2021-04-19 20:47:24',NULL),(107,1,181,'2021-03-29','2021-03-29',2,2,3,2.00,'cx',35.00,0.00,4,'Ainda nao tem preço','2021-04-08 15:38:55','2021-04-26 09:18:51',NULL),(108,1,182,'2021-03-29','2021-03-29',3,2,3,2.00,'cx',35.00,0.00,4,'Ainda nao tem preço','2021-04-08 15:39:06','2021-04-26 09:19:18',NULL),(109,1,183,'2021-03-30','2021-03-30',1,2,3,1.00,'cx',50.00,0.00,6,'Sem preço','2021-04-08 15:39:39','2021-04-26 09:19:58',NULL),(110,1,184,'2021-03-31','2021-03-31',2,3,3,35.00,'cx',55.00,9.00,1,'...','2021-04-08 15:42:02','2021-04-19 20:47:42',NULL),(111,1,185,'2021-03-31','2021-03-31',3,3,3,37.00,'cx',55.00,9.00,1,'...','2021-04-08 15:42:25','2021-04-19 20:48:07',NULL),(112,1,186,'2021-03-31','2021-03-31',7,3,3,10.00,'cx',18.00,0.00,7,'...','2021-04-08 15:43:35','2021-05-03 16:56:07',NULL),(113,1,272,'2021-04-07','2021-04-07',3,2,3,25.00,'cx',90.00,9.00,1,'Verificar do total de 49 quanto para cada estufa - dividi entre as duas','2021-04-19 21:00:52','2021-04-19 21:09:32',NULL),(114,1,273,'2021-04-07','2021-04-07',2,2,3,20.00,'cx',90.00,9.00,1,'Verificar do total de 49 quanto para cada estufa - dividi entre as duas','2021-04-19 21:01:17','2021-04-19 21:08:54',NULL),(115,1,274,'2021-04-07','2021-04-07',9,2,3,2.00,'cx',45.00,9.00,1,'Verificar do total de 49 quanto para cada estufa - dividi entre as duas','2021-04-19 21:01:35','2021-04-19 21:05:34',NULL),(116,1,275,'2021-04-07','2021-04-07',3,3,3,24.00,'cx',90.00,9.00,1,'Verificar do total de 49 quanto para cada estufa - dividi entre as duas','2021-04-19 21:02:04','2021-04-19 21:08:36',NULL),(117,1,276,'2021-04-07','2021-04-07',2,3,3,20.00,'cx',90.00,9.00,1,'Verificar do total de 49 quanto para cada estufa - dividi entre as duas','2021-04-19 21:02:18','2021-04-19 21:09:13',NULL),(118,1,277,'2021-04-07','2021-04-07',9,3,3,2.00,'cx',45.00,9.00,1,'Verificar do total de 49 quanto para cada estufa - dividi entre as duas','2021-04-19 21:02:41','2021-04-19 21:07:28',NULL),(119,1,278,'2021-04-14','2021-04-14',3,2,3,11.00,'cx',65.00,9.00,1,'Verificar do total de 49 quanto para cada estufa - dividi entre as duas','2021-04-19 21:03:23','2021-04-19 21:09:51',NULL),(120,1,279,'2021-04-14','2021-04-14',2,2,3,8.00,'cx',65.00,9.00,1,'Verificar do total de 49 quanto para cada estufa - dividi entre as duas','2021-04-19 21:03:36','2021-04-19 21:10:07',NULL),(121,1,280,'2021-04-14','2021-04-14',9,2,3,1.00,'cx',35.00,9.00,1,'Verificar do total de 49 quanto para cada estufa - dividi entre as duas','2021-04-19 21:04:04','2021-04-19 21:10:24',NULL),(122,1,281,'2021-04-14','2021-04-14',3,3,3,10.00,'cx',65.00,9.00,1,'Verificar do total de 49 quanto para cada estufa - dividi entre as duas','2021-04-19 21:04:35','2021-04-19 21:10:38',NULL),(123,1,282,'2021-04-14','2021-04-14',2,3,3,8.00,'cx',65.00,9.00,1,'Verificar do total de 49 quanto para cada estufa - dividi entre as duas','2021-04-19 21:04:48','2021-04-19 21:10:50',NULL),(124,1,283,'2021-04-07','2021-04-07',10,2,3,2.00,'cx',45.00,9.00,1,'...','2021-04-19 21:06:40','2021-04-19 21:11:02',NULL),(125,1,292,'2021-04-08','2021-04-08',1,2,3,68.00,'cx',68.00,0.00,8,'...','2021-04-26 09:25:26','2021-04-26 09:25:26',NULL),(126,1,293,'2021-04-07','2021-04-07',1,2,3,2.00,'cx',80.00,0.00,7,'...','2021-04-26 09:26:29','2021-04-26 09:26:29',NULL),(127,1,294,'2021-04-21','2021-04-21',2,2,3,3.00,'cx',70.00,9.00,1,'...','2021-04-26 09:28:30','2021-04-26 15:38:15',NULL),(128,1,295,'2021-04-21','2021-04-21',3,2,3,4.00,'cx',70.00,9.00,1,'...','2021-04-26 09:28:53','2021-04-26 15:38:30',NULL),(129,1,296,'2021-04-21','2021-04-21',9,2,3,1.00,'cx',35.00,9.00,1,'...','2021-04-26 09:29:42','2021-04-26 15:38:49',NULL),(130,1,297,'2021-04-21','2021-04-21',2,3,3,3.00,'cx',70.00,9.00,1,'...','2021-04-26 09:31:11','2021-04-26 15:39:06',NULL),(131,1,298,'2021-04-21','2021-04-21',3,3,3,7.00,'cx',70.00,9.00,1,'...','2021-04-26 09:31:34','2021-04-26 15:39:21',NULL),(132,1,299,'2021-04-21','2021-04-21',1,3,3,2.00,'cx',35.00,9.00,1,'Pimentão Médio','2021-04-26 09:32:35','2021-04-26 15:39:39',NULL),(133,1,300,'2021-04-07','2021-04-07',7,3,3,7.00,'cx',20.00,0.00,7,'...','2021-04-26 09:35:02','2021-04-26 09:35:02',NULL),(134,1,301,'2021-04-07','2021-04-07',1,3,3,1.00,'cx',55.00,0.00,7,'...','2021-04-26 09:35:40','2021-04-26 09:35:40',NULL),(135,1,302,'2021-04-14','2021-04-14',1,3,3,2.00,'cx',25.00,0.00,7,'...','2021-04-26 09:36:40','2021-04-26 09:36:40',NULL),(136,1,303,'2021-04-14','2021-04-14',1,3,3,1.00,'cx',30.00,0.00,7,'...','2021-04-26 09:37:16','2021-04-26 09:37:16',NULL),(137,1,304,'2021-04-19','2021-04-19',3,3,3,2.00,'cx',0.10,0.00,4,'...','2021-04-26 14:42:13','2021-04-26 14:42:13',NULL),(138,1,305,'2021-04-19','2021-04-19',2,3,3,1.00,'cx',0.10,0.00,4,'...','2021-04-26 14:42:31','2021-04-26 14:42:31',NULL),(139,1,306,'2021-03-29','2021-03-29',6,4,3,30.00,'sc',6.67,0.00,5,'...','2021-04-26 15:06:26','2021-04-26 15:13:49',NULL),(140,1,307,'2021-03-29','2021-03-29',6,4,3,30.00,'sc',6.00,0.00,2,'...','2021-04-26 15:13:31','2021-04-26 15:13:31',NULL),(141,1,308,'2021-03-29','2021-03-29',6,4,3,10.00,'cx',6.00,0.00,5,'Chocolate','2021-04-26 15:14:54','2021-04-26 15:14:54',NULL),(142,1,309,'2021-03-29','2021-03-29',6,4,3,15.00,'cx',6.00,0.00,5,'Antonio Vigia','2021-04-26 15:15:39','2021-04-26 15:15:39',NULL),(143,1,310,'2021-03-29','2021-03-29',6,4,3,8.00,'cx',6.00,0.00,5,'Cici','2021-04-26 15:16:20','2021-04-26 15:16:20',NULL),(144,1,311,'2021-03-29','2021-03-29',6,4,3,30.00,'cx',6.00,0.00,7,'Cici','2021-04-26 15:16:42','2021-04-26 15:16:42',NULL),(145,1,312,'2021-03-29','2021-03-29',6,4,3,20.00,'cx',6.00,0.00,5,'Alexandre','2021-04-26 15:17:35','2021-04-26 15:17:35',NULL),(146,1,313,'2021-03-29','2021-03-29',6,4,3,10.00,'cx',6.00,0.00,5,'Vagner','2021-04-26 15:17:54','2021-04-26 15:17:54',NULL),(147,1,314,'2021-03-29','2021-03-29',6,4,3,20.00,'cx',6.00,0.00,5,'Fabia','2021-04-26 15:18:13','2021-04-26 15:18:13',NULL),(148,1,315,'2021-03-29','2021-03-29',6,4,3,30.00,'cx',6.00,0.00,5,'Fabrica de Queijo','2021-04-26 15:18:39','2021-04-26 15:18:39',NULL),(149,1,316,'2021-03-29','2021-03-29',6,4,3,34.00,'cx',5.88,0.00,5,'Cristiano','2021-04-26 15:19:43','2021-04-26 15:19:43',NULL),(150,1,317,'2021-03-29','2021-03-29',6,4,3,20.00,'cx',5.88,0.00,5,'Romeu','2021-04-26 15:19:56','2021-04-26 15:19:56',NULL),(151,1,391,'2021-04-28','2021-04-28',2,2,3,6.00,'cx',70.00,9.00,1,'...','2021-05-04 19:15:05','2021-05-05 14:08:10',NULL),(152,1,392,'2021-04-28','2021-04-28',3,2,3,5.00,'cx',70.00,9.00,1,'...','2021-05-04 19:15:21','2021-05-05 14:08:29',NULL),(153,1,393,'2021-04-28','2021-04-28',1,2,3,2.00,'cx',40.00,9.00,1,'Misto pequeno','2021-05-04 19:16:19','2021-05-05 14:09:20',NULL),(154,1,394,'2021-04-28','2021-04-28',2,3,3,9.00,'cx',70.00,0.00,1,'Misto pequeno','2021-05-04 19:16:56','2021-05-04 19:16:56',NULL),(155,1,395,'2021-04-28','2021-04-28',3,3,3,15.00,'cx',70.00,0.00,1,'Misto pequeno','2021-05-04 19:17:12','2021-05-04 19:17:12',NULL),(156,1,396,'2021-04-28','2021-04-28',1,3,3,1.00,'cx',40.00,9.00,1,'...','2021-05-04 19:17:39','2021-05-05 14:08:52',NULL),(157,1,397,'2021-04-28','2021-04-28',3,3,3,6.00,'cx',23.00,0.00,1,'...','2021-05-04 19:18:04','2021-05-04 19:18:04',NULL),(158,1,398,'2021-05-05','2021-05-05',2,2,3,7.00,'cx',90.00,9.00,1,'...','2021-05-04 19:21:09','2021-05-05 14:04:51',NULL),(159,1,399,'2021-05-05','2021-05-05',3,2,3,7.00,'cx',90.00,9.00,1,'...','2021-05-04 19:21:34','2021-05-05 14:05:20',NULL),(160,1,400,'2021-05-05','2021-05-05',9,2,3,1.00,'cx',45.00,9.00,1,'...','2021-05-04 19:22:10','2021-05-05 14:05:43',NULL),(161,1,401,'2021-05-05','2021-05-05',1,2,3,1.00,'cx',45.00,9.00,1,'Misto medio','2021-05-04 19:22:53','2021-05-05 14:06:08',NULL),(162,1,402,'2021-05-05','2021-05-05',2,3,3,23.00,'cx',90.00,9.00,1,'...','2021-05-04 19:23:14','2021-05-05 14:06:35',NULL),(163,1,403,'2021-05-05','2021-05-05',3,3,3,28.00,'cx',90.00,9.00,1,'...','2021-05-04 19:23:32','2021-05-05 14:06:51',NULL),(164,1,404,'2021-05-05','2021-05-05',1,3,3,1.00,'cx',45.00,9.00,1,'Misto pequeno','2021-05-04 19:23:58','2021-05-05 14:07:11',NULL),(165,1,405,'2021-05-05','2021-05-05',7,3,3,6.00,'cx',15.00,9.00,1,'...','2021-05-04 19:24:14','2021-05-05 14:07:39',NULL),(166,1,481,'2021-05-17','2021-05-17',2,2,3,15.00,'cx',65.00,9.00,1,'...','2021-05-21 11:02:31','2021-05-21 11:09:48',NULL),(167,1,482,'2021-05-17','2021-05-17',3,2,3,19.00,'cx',65.00,9.00,1,'...','2021-05-21 11:03:21','2021-05-21 11:10:05',NULL),(168,1,483,'2021-05-17','2021-05-17',10,2,3,1.00,'cx',40.00,9.00,1,'...','2021-05-21 11:03:53','2021-05-21 11:10:27',NULL),(169,1,484,'2021-05-17','2021-05-17',9,2,3,1.00,'cx',40.00,9.00,1,'...','2021-05-21 11:04:07','2021-05-21 11:10:44',NULL),(170,1,485,'2021-05-17','2021-05-17',2,3,3,16.00,'cx',65.00,9.00,1,'...','2021-05-21 11:04:35','2021-05-21 11:13:14',NULL),(171,1,486,'2021-05-17','2021-05-17',3,3,3,23.00,'cx',65.00,9.00,1,'...','2021-05-21 11:04:52','2021-05-21 11:13:33',NULL),(172,1,487,'2021-05-17','2021-05-17',10,3,3,1.00,'cx',40.00,9.00,1,'...','2021-05-21 11:05:06','2021-05-21 11:14:03',NULL),(173,1,488,'2021-05-17','2021-05-17',9,3,3,1.00,'cx',40.00,9.00,1,'...','2021-05-21 11:05:11','2021-05-21 11:14:16',NULL),(174,1,489,'2021-05-17','2021-05-17',7,3,3,8.00,'cx',23.00,9.00,1,'...','2021-05-21 11:05:27','2021-05-21 11:12:57',NULL),(175,1,490,'2021-05-11','2021-05-11',2,2,3,10.00,'cx',85.00,9.00,1,'...','2021-05-21 11:06:01','2021-05-21 11:12:33',NULL),(176,1,491,'2021-05-11','2021-05-11',3,2,3,13.00,'cx',85.00,9.00,1,'...','2021-05-21 11:06:10','2021-05-21 11:12:17',NULL),(177,1,492,'2021-05-11','2021-05-11',9,2,3,1.00,'cx',60.00,9.00,1,'...','2021-05-21 11:06:30','2021-05-21 11:12:01',NULL),(178,1,493,'2021-05-11','2021-05-11',10,2,3,1.00,'cx',60.00,9.00,1,'...','2021-05-21 11:06:35','2021-05-21 11:11:48',NULL),(179,1,494,'2021-05-11','2021-05-11',2,3,3,25.00,'cx',85.00,9.00,1,'...','2021-05-21 11:07:06','2021-05-21 11:11:37',NULL),(180,1,495,'2021-05-11','2021-05-11',3,3,3,32.00,'cx',85.00,9.00,1,'...','2021-05-21 11:07:26','2021-05-21 11:11:22',NULL),(181,1,496,'2021-05-11','2021-05-11',7,3,3,7.00,'cx',25.00,9.00,1,'...','2021-05-21 11:07:46','2021-05-21 11:11:11',NULL),(182,1,497,'2021-05-11','2021-05-11',1,3,3,1.00,'cx',85.00,9.00,1,'...','2021-05-21 11:08:00','2021-05-21 11:10:58',NULL),(183,1,545,'2021-05-08','2021-05-08',6,4,3,10.00,'Kg',6.00,0.00,5,'...','2021-05-24 09:14:12','2021-05-24 09:14:12',NULL),(184,1,551,'2021-05-10','2021-05-10',6,4,3,35.00,'Kg',6.00,0.00,5,'Jair','2021-05-24 09:15:15','2021-05-24 09:15:15',NULL),(185,1,552,'2021-05-15','2021-05-15',6,4,3,30.00,'Kg',6.00,0.00,5,'Adelmo','2021-05-24 09:15:47','2021-05-24 09:15:47',NULL),(186,1,555,'2021-05-15','2021-05-15',6,4,3,50.00,'Kg',6.00,0.00,6,'...','2021-05-24 09:16:19','2021-05-24 09:16:19',NULL),(187,1,621,'2021-05-25','2021-05-25',2,2,3,9.00,'cx',70.00,9.00,1,'...','2021-05-25 09:46:29','2021-05-30 17:14:03',NULL),(188,1,622,'2021-05-25','2021-05-25',3,2,3,18.00,'cx',70.00,9.00,1,'...','2021-05-25 09:46:49','2021-05-30 17:14:30',NULL),(189,1,623,'2021-05-25','2021-05-25',1,2,3,2.00,'cx',70.00,9.00,1,'...','2021-05-25 09:47:07','2021-05-30 17:14:53',NULL),(190,1,624,'2021-05-25','2021-05-25',9,2,3,1.00,'cx',35.00,9.00,1,'...','2021-05-25 09:47:22','2021-05-30 17:15:23',NULL),(191,1,625,'2021-05-25','2021-05-25',3,3,3,18.00,'cx',70.00,9.00,1,'...','2021-05-25 09:47:48','2021-05-30 17:16:32',NULL),(192,1,626,'2021-05-25','2021-05-25',2,3,3,17.00,'cx',70.00,9.00,1,'...','2021-05-25 09:48:10','2021-05-30 17:16:53',NULL),(193,1,627,'2021-05-25','2021-05-25',10,3,3,1.00,'cx',35.00,9.00,1,'...','2021-05-25 09:48:28','2021-05-30 17:17:13',NULL),(194,1,628,'2021-05-25','2021-05-25',7,3,3,4.00,'cx',23.00,9.00,1,'...','2021-05-25 09:48:49','2021-05-30 17:17:33',NULL),(195,1,654,'2021-05-25','2021-05-25',2,2,3,5.00,'cx',1.00,0.00,4,'...','2021-05-26 11:27:36','2021-05-26 11:27:36',NULL),(196,1,655,'2021-05-25','2021-05-25',3,2,3,5.00,'cx',1.00,0.00,4,'...','2021-05-26 11:27:49','2021-05-26 11:27:49',NULL),(197,1,658,'2021-06-01','2021-06-01',2,2,3,22.00,'cx',1.00,0.00,1,'...','2021-06-02 10:20:29','2021-06-02 10:20:29',NULL),(198,1,659,'2021-06-01','2021-06-01',3,2,3,24.00,'cx',1.00,0.00,1,'...','2021-06-02 10:21:47','2021-06-02 10:21:47',NULL),(199,1,660,'2021-06-01','2021-06-01',9,2,3,1.00,'cx',1.00,0.00,1,'...','2021-06-02 10:23:41','2021-06-02 10:23:41',NULL),(200,1,661,'2021-06-01','2021-06-01',2,3,3,17.00,'cx',1.00,0.00,1,'...','2021-06-02 10:25:05','2021-06-02 10:25:05',NULL),(201,1,662,'2021-06-01','2021-06-01',3,3,3,14.00,'cx',1.00,0.00,1,'...','2021-06-02 10:25:51','2021-06-02 10:25:51',NULL),(202,1,663,'2021-06-01','2021-06-01',10,3,3,1.00,'cx',1.00,0.00,1,'...','2021-06-02 10:27:15','2021-06-02 10:27:15',NULL),(203,1,664,'2021-06-01','2021-06-01',7,3,3,3.00,'cx',1.00,0.00,1,'...','2021-06-02 10:29:01','2021-06-02 10:29:01',NULL),(204,1,665,'2021-06-01','2021-06-01',2,3,3,5.00,'cx',1.00,0.00,4,'...','2021-06-02 10:29:41','2021-06-02 10:29:41',NULL),(205,1,666,'2021-06-01','2021-06-01',3,3,3,5.00,'cx',1.00,0.00,4,'...','2021-06-02 10:30:36','2021-06-02 10:31:16',NULL);
/*!40000 ALTER TABLE `sales` ENABLE KEYS */;
UNLOCK TABLES;

--
-- Table structure for table `type_accounts`
--

DROP TABLE IF EXISTS `type_accounts`;
/*!40101 SET @saved_cs_client     = @@character_set_client */;
/*!40101 SET character_set_client = utf8 */;
CREATE TABLE `type_accounts` (
  `id` bigint(20) unsigned NOT NULL AUTO_INCREMENT,
  `name` text COLLATE utf8mb4_unicode_ci NOT NULL,
  `created_at` timestamp NULL DEFAULT NULL,
  `updated_at` timestamp NULL DEFAULT NULL,
  PRIMARY KEY (`id`)
) ENGINE=InnoDB AUTO_INCREMENT=4 DEFAULT CHARSET=utf8mb4 COLLATE=utf8mb4_unicode_ci;
/*!40101 SET character_set_client = @saved_cs_client */;

--
-- Dumping data for table `type_accounts`
--

LOCK TABLES `type_accounts` WRITE;
/*!40000 ALTER TABLE `type_accounts` DISABLE KEYS */;
INSERT INTO `type_accounts` VALUES (1,'Despesa','2021-04-01 10:40:39','2021-04-01 10:40:39'),(2,'Investimento','2021-04-01 10:40:39','2021-04-01 10:40:39'),(3,'Receita','2021-04-01 10:40:39','2021-04-01 10:40:39');
/*!40000 ALTER TABLE `type_accounts` ENABLE KEYS */;
UNLOCK TABLES;

--
-- Table structure for table `type_activities`
--

DROP TABLE IF EXISTS `type_activities`;
/*!40101 SET @saved_cs_client     = @@character_set_client */;
/*!40101 SET character_set_client = utf8 */;
CREATE TABLE `type_activities` (
  `id` bigint(20) unsigned NOT NULL AUTO_INCREMENT,
  `user_id` bigint(20) unsigned NOT NULL,
  `description` text COLLATE utf8mb4_unicode_ci NOT NULL,
  `image` varchar(100) COLLATE utf8mb4_unicode_ci DEFAULT NULL,
  `note` longtext COLLATE utf8mb4_unicode_ci NOT NULL,
  `in_use` enum('S','N') COLLATE utf8mb4_unicode_ci NOT NULL DEFAULT 'S',
  `created_at` timestamp NULL DEFAULT NULL,
  `updated_at` timestamp NULL DEFAULT NULL,
  `deleted_at` timestamp NULL DEFAULT NULL,
  PRIMARY KEY (`id`),
  KEY `type_activities_user_id_foreign` (`user_id`),
  CONSTRAINT `type_activities_user_id_foreign` FOREIGN KEY (`user_id`) REFERENCES `users` (`id`) ON DELETE CASCADE
) ENGINE=InnoDB AUTO_INCREMENT=9 DEFAULT CHARSET=utf8mb4 COLLATE=utf8mb4_unicode_ci;
/*!40101 SET character_set_client = @saved_cs_client */;

--
-- Dumping data for table `type_activities`
--

LOCK TABLES `type_activities` WRITE;
/*!40000 ALTER TABLE `type_activities` DISABLE KEYS */;
INSERT INTO `type_activities` VALUES (1,1,'Colheita','type_activity_avatar.png','Colheita de qualquer tipo de Pimentão','S','2021-04-01 10:40:39','2021-04-01 10:40:39',NULL),(2,1,'Pulverização','type_activity_avatar.png','Aplicação de produtos usando o pulverizador','S','2021-04-01 10:40:39','2021-04-01 10:40:39',NULL),(3,1,'Fitamento','type_activity_avatar.png','Fitamento do pimentão','S','2021-04-01 10:40:39','2021-04-01 10:40:39',NULL),(4,1,'Embalamento','type_activity_avatar.png','Atividade de limpar e encaixotar o pimentão','S','2021-04-01 10:40:39','2021-04-01 10:40:39',NULL),(5,1,'Irrigação','type_activity_avatar.png','Atividade de transportar qualquer produto','S','2021-04-01 10:40:39','2021-04-01 10:40:39',NULL),(6,1,'Limpeza','type_activity_avatar.png','Limpeza se refere a atividade de capina, roçagem e limpeza propriamente dita','S','2021-04-01 10:40:39','2021-04-01 10:40:39',NULL),(7,1,'Outra atividade','type_activity_avatar.png','O que não se encaixa nos itens relacionados acima','S','2021-04-01 10:40:39','2021-04-01 10:40:39',NULL),(8,1,'Varias atividades relacionadas','type_activity_avatar.png','Usar quando quiser agrupar as atividades relacionadas à uma área','S','2021-04-19 19:48:05','2021-04-19 19:48:05',NULL);
/*!40000 ALTER TABLE `type_activities` ENABLE KEYS */;
UNLOCK TABLES;

--
-- Table structure for table `users`
--

DROP TABLE IF EXISTS `users`;
/*!40101 SET @saved_cs_client     = @@character_set_client */;
/*!40101 SET character_set_client = utf8 */;
CREATE TABLE `users` (
  `id` bigint(20) unsigned NOT NULL AUTO_INCREMENT,
  `name` varchar(255) COLLATE utf8mb4_unicode_ci NOT NULL,
  `email` varchar(255) COLLATE utf8mb4_unicode_ci NOT NULL,
  `email_verified_at` timestamp NULL DEFAULT NULL,
  `password` varchar(255) COLLATE utf8mb4_unicode_ci NOT NULL,
  `image` varchar(100) COLLATE utf8mb4_unicode_ci DEFAULT NULL,
  `competence_id` bigint(20) unsigned NOT NULL,
  `remember_token` varchar(100) COLLATE utf8mb4_unicode_ci DEFAULT NULL,
  `created_at` timestamp NULL DEFAULT NULL,
  `updated_at` timestamp NULL DEFAULT NULL,
  `deleted_at` timestamp NULL DEFAULT NULL,
  PRIMARY KEY (`id`),
  UNIQUE KEY `users_email_unique` (`email`)
) ENGINE=InnoDB AUTO_INCREMENT=9 DEFAULT CHARSET=utf8mb4 COLLATE=utf8mb4_unicode_ci;
/*!40101 SET character_set_client = @saved_cs_client */;

--
-- Dumping data for table `users`
--

LOCK TABLES `users` WRITE;
/*!40000 ALTER TABLE `users` DISABLE KEYS */;
INSERT INTO `users` VALUES (1,'Admin','admin@gmail.com',NULL,'$2y$10$DwotoTchTGflmMkzKokZQOTriViUiQBZFx9AuePBvI099wjZmm4Xq','imagem_user_1.jpg',1,'CNHWkaShgcwkBvn5bWC5bsETyyVX6ZGhuNMzKjAdcyyUFqwiorEai0VAD9BU','2021-04-01 10:40:39','2021-04-08 21:08:26',NULL),(2,'João Vale','louresvale@gmail.com',NULL,'$2y$10$gIm4fvgBZVBtfKiK3ZRdOOsSbjiQLDscQ2emTRD.Q6gLagSz99NB2','imagem_user_2.jpg',1,NULL,'2021-04-01 10:40:39','2021-05-07 12:39:45',NULL),(3,'Matheus','matheus@gmail.com',NULL,'$2y$10$xI2wMMzf2CdSTqNOqMsDIuNgmzvRaQolojr2Su34wgGUTrtLXpa22',NULL,2,NULL,'2021-04-01 10:40:39','2021-04-01 10:40:39',NULL),(4,'Vagner','vagner@gmail.com',NULL,'$2y$10$HpN4l7bWZBpoJkwz6PPXr.QS64x63hcz4AoNkvIyI5/4R3l7Qs1dy',NULL,2,NULL,'2021-04-01 10:40:39','2021-04-01 10:40:39',NULL),(5,'Paulo','paulo@gmail.com',NULL,'$2y$10$i9R/vNhFLmO/NRSkqv0AKeveTeKtLi8nWRb4mxNAA0yKqqm8p4Q9W',NULL,2,NULL,'2021-04-01 10:40:39','2021-04-01 10:40:39',NULL),(6,'Lucas Vale','lucas@plant.etc.br',NULL,'$2y$10$WshUh0TFgvh2hTHkK9OeluJtVYEe.U9OCNob1xoPnsqWfYgJVsSC2',NULL,3,NULL,'2021-05-03 08:28:55','2021-05-03 08:28:55',NULL),(7,'Fazenda Santa Luiza','santaluiza@gmail.com',NULL,'$2y$10$RhFVC7C/Hbfzh812zRksQOJJ38E5UnSSGi17F4GGJeeMyb8wqDLJ.','imagem_user_7.jpg',3,NULL,'2021-05-21 20:39:30','2021-05-21 20:42:11',NULL),(8,'Frederico Fernandes Vieira','fredericofernandesvieira@gmail.com',NULL,'$2y$10$xfqSDJ4E602bTphTjxZHzeER4F35xtVOdhXOKA3HS1kXZB2k8tYTW',NULL,3,NULL,'2021-05-22 08:59:46','2021-05-22 08:59:46',NULL);
/*!40000 ALTER TABLE `users` ENABLE KEYS */;
UNLOCK TABLES;

--
-- Table structure for table `workers`
--

DROP TABLE IF EXISTS `workers`;
/*!40101 SET @saved_cs_client     = @@character_set_client */;
/*!40101 SET character_set_client = utf8 */;
CREATE TABLE `workers` (
  `id` bigint(20) unsigned NOT NULL AUTO_INCREMENT,
  `user_id` bigint(20) unsigned NOT NULL,
  `name` text COLLATE utf8mb4_unicode_ci NOT NULL,
  `date` date NOT NULL,
  `salary` double(10,2) NOT NULL,
  `salary_hour` double(10,2) NOT NULL,
  `in_use` enum('S','N') COLLATE utf8mb4_unicode_ci NOT NULL DEFAULT 'S',
  `image` varchar(100) COLLATE utf8mb4_unicode_ci DEFAULT NULL,
  `created_at` timestamp NULL DEFAULT NULL,
  `updated_at` timestamp NULL DEFAULT NULL,
  `deleted_at` timestamp NULL DEFAULT NULL,
  PRIMARY KEY (`id`),
  KEY `workers_user_id_foreign` (`user_id`),
  CONSTRAINT `workers_user_id_foreign` FOREIGN KEY (`user_id`) REFERENCES `users` (`id`) ON DELETE CASCADE
) ENGINE=InnoDB AUTO_INCREMENT=6 DEFAULT CHARSET=utf8mb4 COLLATE=utf8mb4_unicode_ci;
/*!40101 SET character_set_client = @saved_cs_client */;

--
-- Dumping data for table `workers`
--

LOCK TABLES `workers` WRITE;
/*!40000 ALTER TABLE `workers` DISABLE KEYS */;
INSERT INTO `workers` VALUES (1,1,'Vagner','2018-01-01',1650.00,13.49,'S','worker_avatar.png','2021-04-01 10:40:39','2021-04-01 10:40:39',NULL),(2,1,'Matheus','2021-03-01',1200.00,9.17,'S','worker_avatar.png','2021-04-01 10:40:39','2021-04-01 10:40:39',NULL),(3,1,'Paulo','2017-01-01',3200.00,22.17,'S','worker_avatar.png','2021-04-01 10:40:39','2021-04-01 10:40:39',NULL),(4,1,'Leandro','2019-01-01',1650.00,15.76,'S','worker_avatar.png','2021-04-01 10:40:39','2021-04-01 10:40:39',NULL),(5,1,'Júlio','2021-03-01',1600.00,9.09,'S','worker_avatar.png','2021-04-01 10:40:39','2021-04-01 10:40:39',NULL);
/*!40000 ALTER TABLE `workers` ENABLE KEYS */;
UNLOCK TABLES;
/*!40103 SET TIME_ZONE=@OLD_TIME_ZONE */;

/*!40101 SET SQL_MODE=@OLD_SQL_MODE */;
/*!40014 SET FOREIGN_KEY_CHECKS=@OLD_FOREIGN_KEY_CHECKS */;
/*!40014 SET UNIQUE_CHECKS=@OLD_UNIQUE_CHECKS */;
/*!40101 SET CHARACTER_SET_CLIENT=@OLD_CHARACTER_SET_CLIENT */;
/*!40101 SET CHARACTER_SET_RESULTS=@OLD_CHARACTER_SET_RESULTS */;
/*!40101 SET COLLATION_CONNECTION=@OLD_COLLATION_CONNECTION */;
/*!40111 SET SQL_NOTES=@OLD_SQL_NOTES */;

-- Dump completed on 2021-06-04 10:32:54
